type,saw_policy,percentage_replaced,population_size,neighborhoods,tournament_k,random_k,termination_criterion,alpha,beta,gamma,delta,iteration,instance,starting-time
algorithm,Constant-Weights(Gamma-1:3;Gamma-2:3;Gamma-3:3),0.05,100,[trip_2_opt;remove_customer;add_customer;remove_hotel;add_hotel;],3,5,400,0.5,-1.0,-0.5,0.5,0,rand_test_12,20230102:14:27:20
algorithm,Constant-Weights(Gamma-1:3;Gamma-2:3;Gamma-3:3),0.05,100,[trip_2_opt;remove_customer;add_customer;remove_hotel;add_hotel;],9,5,400,0.5,-1.0,-0.5,0.5,0,rand_test_12,20230102:14:33:29
algorithm,Constant-Weights(Gamma-1:3;Gamma-2:3;Gamma-3:3),0.05,100,[trip_2_opt;remove_customer;add_customer;remove_hotel;add_hotel;],27,5,400,0.5,-1.0,-0.5,0.5,0,rand_test_12,20230102:14:39:36
algorithm,Constant-Weights(Gamma-1:3;Gamma-2:3;Gamma-3:3),0.05,100,[trip_2_opt;remove_customer;add_customer;remove_hotel;add_hotel;],50,5,400,0.5,-1.0,-0.5,0.5,0,rand_test_12,20230102:14:45:53
algorithm,Constant-Weights(Gamma-1:3;Gamma-2:3;Gamma-3:3),0.05,100,[trip_2_opt;remove_customer;add_customer;remove_hotel;add_hotel;],81,5,400,0.5,-1.0,-0.5,0.5,0,rand_test_12,20230102:14:52:12
algorithm,Constant-Weights(Gamma-1:3;Gamma-2:3;Gamma-3:3),0.05,100,[trip_2_opt;remove_customer;add_customer;remove_hotel;add_hotel;],95,5,400,0.5,-1.0,-0.5,0.5,0,rand_test_12,20230102:14:58:26
algorithm,Constant-Weights(Gamma-1:3;Gamma-2:3;Gamma-3:3),0.1,100,[trip_2_opt;remove_customer;add_customer;remove_hotel;add_hotel;],3,5,400,0.5,-1.0,-0.5,0.5,0,rand_test_12,20230102:15:04:42
algorithm,Constant-Weights(Gamma-1:3;Gamma-2:3;Gamma-3:3),0.1,100,[trip_2_opt;remove_customer;add_customer;remove_hotel;add_hotel;],9,5,400,0.5,-1.0,-0.5,0.5,0,rand_test_12,20230102:15:10:48
algorithm,Constant-Weights(Gamma-1:3;Gamma-2:3;Gamma-3:3),0.1,100,[trip_2_opt;remove_customer;add_customer;remove_hotel;add_hotel;],27,5,400,0.5,-1.0,-0.5,0.5,0,rand_test_12,20230102:15:16:57
algorithm,Constant-Weights(Gamma-1:3;Gamma-2:3;Gamma-3:3),0.1,100,[trip_2_opt;remove_customer;add_customer;remove_hotel;add_hotel;],50,5,400,0.5,-1.0,-0.5,0.5,0,rand_test_12,20230102:15:23:07
algorithm,Constant-Weights(Gamma-1:3;Gamma-2:3;Gamma-3:3),0.1,100,[trip_2_opt;remove_customer;add_customer;remove_hotel;add_hotel;],81,5,400,0.5,-1.0,-0.5,0.5,0,rand_test_12,20230102:15:29:20
algorithm,Constant-Weights(Gamma-1:3;Gamma-2:3;Gamma-3:3),0.1,100,[trip_2_opt;remove_customer;add_customer;remove_hotel;add_hotel;],95,5,400,0.5,-1.0,-0.5,0.5,0,rand_test_12,20230102:15:35:39
algorithm,Constant-Weights(Gamma-1:3;Gamma-2:3;Gamma-3:3),0.2,100,[trip_2_opt;remove_customer;add_customer;remove_hotel;add_hotel;],3,5,400,0.5,-1.0,-0.5,0.5,0,rand_test_12,20230102:15:41:56
algorithm,Constant-Weights(Gamma-1:3;Gamma-2:3;Gamma-3:3),0.2,100,[trip_2_opt;remove_customer;add_customer;remove_hotel;add_hotel;],9,5,400,0.5,-1.0,-0.5,0.5,0,rand_test_12,20230102:15:48:03
algorithm,Constant-Weights(Gamma-1:3;Gamma-2:3;Gamma-3:3),0.2,100,[trip_2_opt;remove_customer;add_customer;remove_hotel;add_hotel;],27,5,400,0.5,-1.0,-0.5,0.5,0,rand_test_12,20230102:15:54:05
algorithm,Constant-Weights(Gamma-1:3;Gamma-2:3;Gamma-3:3),0.2,100,[trip_2_opt;remove_customer;add_customer;remove_hotel;add_hotel;],50,5,400,0.5,-1.0,-0.5,0.5,0,rand_test_12,20230102:16:00:16
algorithm,Constant-Weights(Gamma-1:3;Gamma-2:3;Gamma-3:3),0.2,100,[trip_2_opt;remove_customer;add_customer;remove_hotel;add_hotel;],81,5,400,0.5,-1.0,-0.5,0.5,0,rand_test_12,20230102:16:06:27
algorithm,Constant-Weights(Gamma-1:3;Gamma-2:3;Gamma-3:3),0.2,100,[trip_2_opt;remove_customer;add_customer;remove_hotel;add_hotel;],95,5,400,0.5,-1.0,-0.5,0.5,0,rand_test_12,20230102:16:12:43
algorithm,Constant-Weights(Gamma-1:3;Gamma-2:3;Gamma-3:3),0.4,100,[trip_2_opt;remove_customer;add_customer;remove_hotel;add_hotel;],3,5,400,0.5,-1.0,-0.5,0.5,0,rand_test_12,20230102:16:18:59
algorithm,Constant-Weights(Gamma-1:3;Gamma-2:3;Gamma-3:3),0.4,100,[trip_2_opt;remove_customer;add_customer;remove_hotel;add_hotel;],9,5,400,0.5,-1.0,-0.5,0.5,0,rand_test_12,20230102:16:25:04
algorithm,Constant-Weights(Gamma-1:3;Gamma-2:3;Gamma-3:3),0.4,100,[trip_2_opt;remove_customer;add_customer;remove_hotel;add_hotel;],27,5,400,0.5,-1.0,-0.5,0.5,0,rand_test_12,20230102:16:31:07
algorithm,Constant-Weights(Gamma-1:3;Gamma-2:3;Gamma-3:3),0.4,100,[trip_2_opt;remove_customer;add_customer;remove_hotel;add_hotel;],50,5,400,0.5,-1.0,-0.5,0.5,0,rand_test_12,20230102:16:37:12
algorithm,Constant-Weights(Gamma-1:3;Gamma-2:3;Gamma-3:3),0.4,100,[trip_2_opt;remove_customer;add_customer;remove_hotel;add_hotel;],81,5,400,0.5,-1.0,-0.5,0.5,0,rand_test_12,20230102:16:43:26
algorithm,Constant-Weights(Gamma-1:3;Gamma-2:3;Gamma-3:3),0.4,100,[trip_2_opt;remove_customer;add_customer;remove_hotel;add_hotel;],95,5,400,0.5,-1.0,-0.5,0.5,0,rand_test_12,20230102:16:49:38
algorithm,Constant-Weights(Gamma-1:3;Gamma-2:3;Gamma-3:3),0.9,100,[trip_2_opt;remove_customer;add_customer;remove_hotel;add_hotel;],3,5,400,0.5,-1.0,-0.5,0.5,0,rand_test_12,20230102:16:55:51
algorithm,Constant-Weights(Gamma-1:3;Gamma-2:3;Gamma-3:3),0.9,100,[trip_2_opt;remove_customer;add_customer;remove_hotel;add_hotel;],9,5,400,0.5,-1.0,-0.5,0.5,0,rand_test_12,20230102:17:01:52
algorithm,Constant-Weights(Gamma-1:3;Gamma-2:3;Gamma-3:3),0.9,100,[trip_2_opt;remove_customer;add_customer;remove_hotel;add_hotel;],27,5,400,0.5,-1.0,-0.5,0.5,0,rand_test_12,20230102:17:07:58
algorithm,Constant-Weights(Gamma-1:3;Gamma-2:3;Gamma-3:3),0.9,100,[trip_2_opt;remove_customer;add_customer;remove_hotel;add_hotel;],50,5,400,0.5,-1.0,-0.5,0.5,0,rand_test_12,20230102:17:14:05
algorithm,Constant-Weights(Gamma-1:3;Gamma-2:3;Gamma-3:3),0.9,100,[trip_2_opt;remove_customer;add_customer;remove_hotel;add_hotel;],81,5,400,0.5,-1.0,-0.5,0.5,0,rand_test_12,20230102:17:20:10
algorithm,Constant-Weights(Gamma-1:3;Gamma-2:3;Gamma-3:3),0.9,100,[trip_2_opt;remove_customer;add_customer;remove_hotel;add_hotel;],95,5,400,0.5,-1.0,-0.5,0.5,0,rand_test_12,20230102:17:26:18
algorithm,Constant-Weights(Gamma-1:3;Gamma-2:3;Gamma-3:3),0.05,100,[trip_2_opt;remove_customer;add_customer;remove_hotel;add_hotel;],27,5,400,0.5,-1.0,-0.5,0.5,1,rand_test_3,20230102:17:32:31
algorithm,Constant-Weights(Gamma-1:3;Gamma-2:3;Gamma-3:3),0.05,100,[trip_2_opt;remove_customer;add_customer;remove_hotel;add_hotel;],50,5,400,0.5,-1.0,-0.5,0.5,1,rand_test_3,20230102:17:38:46
algorithm,Constant-Weights(Gamma-1:3;Gamma-2:3;Gamma-3:3),0.05,100,[trip_2_opt;remove_customer;add_customer;remove_hotel;add_hotel;],81,5,400,0.5,-1.0,-0.5,0.5,1,rand_test_3,20230102:17:44:57
algorithm,Constant-Weights(Gamma-1:3;Gamma-2:3;Gamma-3:3),0.05,100,[trip_2_opt;remove_customer;add_customer;remove_hotel;add_hotel;],95,5,400,0.5,-1.0,-0.5,0.5,1,rand_test_3,20230102:17:51:16
algorithm,Constant-Weights(Gamma-1:3;Gamma-2:3;Gamma-3:3),0.1,100,[trip_2_opt;remove_customer;add_customer;remove_hotel;add_hotel;],9,5,400,0.5,-1.0,-0.5,0.5,1,rand_test_3,20230102:17:57:40
algorithm,Constant-Weights(Gamma-1:3;Gamma-2:3;Gamma-3:3),0.1,100,[trip_2_opt;remove_customer;add_customer;remove_hotel;add_hotel;],27,5,400,0.5,-1.0,-0.5,0.5,1,rand_test_3,20230102:18:03:49
algorithm,Constant-Weights(Gamma-1:3;Gamma-2:3;Gamma-3:3),0.1,100,[trip_2_opt;remove_customer;add_customer;remove_hotel;add_hotel;],50,5,400,0.5,-1.0,-0.5,0.5,1,rand_test_3,20230102:18:10:11
algorithm,Constant-Weights(Gamma-1:3;Gamma-2:3;Gamma-3:3),0.1,100,[trip_2_opt;remove_customer;add_customer;remove_hotel;add_hotel;],81,5,400,0.5,-1.0,-0.5,0.5,1,rand_test_3,20230102:18:16:28
algorithm,Constant-Weights(Gamma-1:3;Gamma-2:3;Gamma-3:3),0.1,100,[trip_2_opt;remove_customer;add_customer;remove_hotel;add_hotel;],95,5,400,0.5,-1.0,-0.5,0.5,1,rand_test_3,20230102:18:22:45
algorithm,Constant-Weights(Gamma-1:3;Gamma-2:3;Gamma-3:3),0.2,100,[trip_2_opt;remove_customer;add_customer;remove_hotel;add_hotel;],3,5,400,0.5,-1.0,-0.5,0.5,1,rand_test_3,20230102:18:29:00
algorithm,Constant-Weights(Gamma-1:3;Gamma-2:3;Gamma-3:3),0.2,100,[trip_2_opt;remove_customer;add_customer;remove_hotel;add_hotel;],9,5,400,0.5,-1.0,-0.5,0.5,1,rand_test_3,20230102:18:35:03
algorithm,Constant-Weights(Gamma-1:3;Gamma-2:3;Gamma-3:3),0.2,100,[trip_2_opt;remove_customer;add_customer;remove_hotel;add_hotel;],27,5,400,0.5,-1.0,-0.5,0.5,1,rand_test_3,20230102:18:41:13
algorithm,Constant-Weights(Gamma-1:3;Gamma-2:3;Gamma-3:3),0.2,100,[trip_2_opt;remove_customer;add_customer;remove_hotel;add_hotel;],50,5,400,0.5,-1.0,-0.5,0.5,1,rand_test_3,20230102:18:47:24
algorithm,Constant-Weights(Gamma-1:3;Gamma-2:3;Gamma-3:3),0.2,100,[trip_2_opt;remove_customer;add_customer;remove_hotel;add_hotel;],81,5,400,0.5,-1.0,-0.5,0.5,1,rand_test_3,20230102:18:53:40
algorithm,Constant-Weights(Gamma-1:3;Gamma-2:3;Gamma-3:3),0.2,100,[trip_2_opt;remove_customer;add_customer;remove_hotel;add_hotel;],95,5,400,0.5,-1.0,-0.5,0.5,1,rand_test_3,20230102:18:59:57
algorithm,Constant-Weights(Gamma-1:3;Gamma-2:3;Gamma-3:3),0.4,100,[trip_2_opt;remove_customer;add_customer;remove_hotel;add_hotel;],3,5,400,0.5,-1.0,-0.5,0.5,1,rand_test_3,20230102:19:06:15
algorithm,Constant-Weights(Gamma-1:3;Gamma-2:3;Gamma-3:3),0.4,100,[trip_2_opt;remove_customer;add_customer;remove_hotel;add_hotel;],9,5,400,0.5,-1.0,-0.5,0.5,1,rand_test_3,20230102:19:12:25
algorithm,Constant-Weights(Gamma-1:3;Gamma-2:3;Gamma-3:3),0.4,100,[trip_2_opt;remove_customer;add_customer;remove_hotel;add_hotel;],27,5,400,0.5,-1.0,-0.5,0.5,1,rand_test_3,20230102:19:18:34
algorithm,Constant-Weights(Gamma-1:3;Gamma-2:3;Gamma-3:3),0.4,100,[trip_2_opt;remove_customer;add_customer;remove_hotel;add_hotel;],50,5,400,0.5,-1.0,-0.5,0.5,1,rand_test_3,20230102:19:24:46
algorithm,Constant-Weights(Gamma-1:3;Gamma-2:3;Gamma-3:3),0.4,100,[trip_2_opt;remove_customer;add_customer;remove_hotel;add_hotel;],81,5,400,0.5,-1.0,-0.5,0.5,1,rand_test_3,20230102:19:30:59
algorithm,Constant-Weights(Gamma-1:3;Gamma-2:3;Gamma-3:3),0.4,100,[trip_2_opt;remove_customer;add_customer;remove_hotel;add_hotel;],95,5,400,0.5,-1.0,-0.5,0.5,1,rand_test_3,20230102:19:37:10
algorithm,Constant-Weights(Gamma-1:3;Gamma-2:3;Gamma-3:3),0.9,100,[trip_2_opt;remove_customer;add_customer;remove_hotel;add_hotel;],9,5,400,0.5,-1.0,-0.5,0.5,1,rand_test_3,20230102:19:43:24
algorithm,Constant-Weights(Gamma-1:3;Gamma-2:3;Gamma-3:3),0.9,100,[trip_2_opt;remove_customer;add_customer;remove_hotel;add_hotel;],27,5,400,0.5,-1.0,-0.5,0.5,1,rand_test_3,20230102:19:49:38
algorithm,Constant-Weights(Gamma-1:3;Gamma-2:3;Gamma-3:3),0.9,100,[trip_2_opt;remove_customer;add_customer;remove_hotel;add_hotel;],50,5,400,0.5,-1.0,-0.5,0.5,1,rand_test_3,20230102:19:55:52
algorithm,Constant-Weights(Gamma-1:3;Gamma-2:3;Gamma-3:3),0.9,100,[trip_2_opt;remove_customer;add_customer;remove_hotel;add_hotel;],81,5,400,0.5,-1.0,-0.5,0.5,1,rand_test_3,20230102:20:02:09
algorithm,Constant-Weights(Gamma-1:3;Gamma-2:3;Gamma-3:3),0.9,100,[trip_2_opt;remove_customer;add_customer;remove_hotel;add_hotel;],95,5,400,0.5,-1.0,-0.5,0.5,1,rand_test_3,20230102:20:08:27
algorithm,Constant-Weights(Gamma-1:3;Gamma-2:3;Gamma-3:3),0.05,100,[trip_2_opt;remove_customer;add_customer;remove_hotel;add_hotel;],27,5,400,0.5,-1.0,-0.5,0.5,2,rand_test_1,20230102:20:14:43
algorithm,Constant-Weights(Gamma-1:3;Gamma-2:3;Gamma-3:3),0.05,100,[trip_2_opt;remove_customer;add_customer;remove_hotel;add_hotel;],50,5,400,0.5,-1.0,-0.5,0.5,2,rand_test_1,20230102:20:21:21
algorithm,Constant-Weights(Gamma-1:3;Gamma-2:3;Gamma-3:3),0.05,100,[trip_2_opt;remove_customer;add_customer;remove_hotel;add_hotel;],81,5,400,0.5,-1.0,-0.5,0.5,2,rand_test_1,20230102:20:27:59
algorithm,Constant-Weights(Gamma-1:3;Gamma-2:3;Gamma-3:3),0.05,100,[trip_2_opt;remove_customer;add_customer;remove_hotel;add_hotel;],95,5,400,0.5,-1.0,-0.5,0.5,2,rand_test_1,20230102:20:34:45
algorithm,Constant-Weights(Gamma-1:3;Gamma-2:3;Gamma-3:3),0.1,100,[trip_2_opt;remove_customer;add_customer;remove_hotel;add_hotel;],27,5,400,0.5,-1.0,-0.5,0.5,2,rand_test_1,20230102:20:41:30
algorithm,Constant-Weights(Gamma-1:3;Gamma-2:3;Gamma-3:3),0.1,100,[trip_2_opt;remove_customer;add_customer;remove_hotel;add_hotel;],50,5,400,0.5,-1.0,-0.5,0.5,2,rand_test_1,20230102:20:48:06
algorithm,Constant-Weights(Gamma-1:3;Gamma-2:3;Gamma-3:3),0.1,100,[trip_2_opt;remove_customer;add_customer;remove_hotel;add_hotel;],81,5,400,0.5,-1.0,-0.5,0.5,2,rand_test_1,20230102:20:54:43
algorithm,Constant-Weights(Gamma-1:3;Gamma-2:3;Gamma-3:3),0.1,100,[trip_2_opt;remove_customer;add_customer;remove_hotel;add_hotel;],95,5,400,0.5,-1.0,-0.5,0.5,2,rand_test_1,20230102:21:01:23
algorithm,Constant-Weights(Gamma-1:3;Gamma-2:3;Gamma-3:3),0.2,100,[trip_2_opt;remove_customer;add_customer;remove_hotel;add_hotel;],9,5,400,0.5,-1.0,-0.5,0.5,2,rand_test_1,20230102:21:08:07
algorithm,Constant-Weights(Gamma-1:3;Gamma-2:3;Gamma-3:3),0.2,100,[trip_2_opt;remove_customer;add_customer;remove_hotel;add_hotel;],27,5,400,0.5,-1.0,-0.5,0.5,2,rand_test_1,20230102:21:14:40
algorithm,Constant-Weights(Gamma-1:3;Gamma-2:3;Gamma-3:3),0.2,100,[trip_2_opt;remove_customer;add_customer;remove_hotel;add_hotel;],50,5,400,0.5,-1.0,-0.5,0.5,2,rand_test_1,20230102:21:21:15
algorithm,Constant-Weights(Gamma-1:3;Gamma-2:3;Gamma-3:3),0.2,100,[trip_2_opt;remove_customer;add_customer;remove_hotel;add_hotel;],81,5,400,0.5,-1.0,-0.5,0.5,2,rand_test_1,20230102:21:27:52
algorithm,Constant-Weights(Gamma-1:3;Gamma-2:3;Gamma-3:3),0.2,100,[trip_2_opt;remove_customer;add_customer;remove_hotel;add_hotel;],95,5,400,0.5,-1.0,-0.5,0.5,2,rand_test_1,20230102:21:34:30
algorithm,Constant-Weights(Gamma-1:3;Gamma-2:3;Gamma-3:3),0.4,100,[trip_2_opt;remove_customer;add_customer;remove_hotel;add_hotel;],27,5,400,0.5,-1.0,-0.5,0.5,2,rand_test_1,20230102:21:41:12
algorithm,Constant-Weights(Gamma-1:3;Gamma-2:3;Gamma-3:3),0.4,100,[trip_2_opt;remove_customer;add_customer;remove_hotel;add_hotel;],50,5,400,0.5,-1.0,-0.5,0.5,2,rand_test_1,20230102:21:47:51
algorithm,Constant-Weights(Gamma-1:3;Gamma-2:3;Gamma-3:3),0.4,100,[trip_2_opt;remove_customer;add_customer;remove_hotel;add_hotel;],81,5,400,0.5,-1.0,-0.5,0.5,2,rand_test_1,20230102:21:54:26
algorithm,Constant-Weights(Gamma-1:3;Gamma-2:3;Gamma-3:3),0.4,100,[trip_2_opt;remove_customer;add_customer;remove_hotel;add_hotel;],95,5,400,0.5,-1.0,-0.5,0.5,2,rand_test_1,20230102:22:01:09
algorithm,Constant-Weights(Gamma-1:3;Gamma-2:3;Gamma-3:3),0.9,100,[trip_2_opt;remove_customer;add_customer;remove_hotel;add_hotel;],27,5,400,0.5,-1.0,-0.5,0.5,2,rand_test_1,20230102:22:07:45
algorithm,Constant-Weights(Gamma-1:3;Gamma-2:3;Gamma-3:3),0.9,100,[trip_2_opt;remove_customer;add_customer;remove_hotel;add_hotel;],50,5,400,0.5,-1.0,-0.5,0.5,2,rand_test_1,20230102:22:14:23
algorithm,Constant-Weights(Gamma-1:3;Gamma-2:3;Gamma-3:3),0.9,100,[trip_2_opt;remove_customer;add_customer;remove_hotel;add_hotel;],81,5,400,0.5,-1.0,-0.5,0.5,2,rand_test_1,20230102:22:21:08
algorithm,Constant-Weights(Gamma-1:3;Gamma-2:3;Gamma-3:3),0.9,100,[trip_2_opt;remove_customer;add_customer;remove_hotel;add_hotel;],95,5,400,0.5,-1.0,-0.5,0.5,2,rand_test_1,20230102:22:27:48
algorithm,Constant-Weights(Gamma-1:3;Gamma-2:3;Gamma-3:3),0.05,100,[trip_2_opt;remove_customer;add_customer;remove_hotel;add_hotel;],50,5,400,0.5,-1.0,-0.5,0.5,3,rand_test_15,20230102:22:34:33
algorithm,Constant-Weights(Gamma-1:3;Gamma-2:3;Gamma-3:3),0.05,100,[trip_2_opt;remove_customer;add_customer;remove_hotel;add_hotel;],81,5,400,0.5,-1.0,-0.5,0.5,3,rand_test_15,20230102:22:40:45
algorithm,Constant-Weights(Gamma-1:3;Gamma-2:3;Gamma-3:3),0.05,100,[trip_2_opt;remove_customer;add_customer;remove_hotel;add_hotel;],95,5,400,0.5,-1.0,-0.5,0.5,3,rand_test_15,20230102:22:47:10
algorithm,Constant-Weights(Gamma-1:3;Gamma-2:3;Gamma-3:3),0.1,100,[trip_2_opt;remove_customer;add_customer;remove_hotel;add_hotel;],27,5,400,0.5,-1.0,-0.5,0.5,3,rand_test_15,20230102:22:53:30
algorithm,Constant-Weights(Gamma-1:3;Gamma-2:3;Gamma-3:3),0.1,100,[trip_2_opt;remove_customer;add_customer;remove_hotel;add_hotel;],50,5,400,0.5,-1.0,-0.5,0.5,3,rand_test_15,20230102:22:59:43
algorithm,Constant-Weights(Gamma-1:3;Gamma-2:3;Gamma-3:3),0.1,100,[trip_2_opt;remove_customer;add_customer;remove_hotel;add_hotel;],81,5,400,0.5,-1.0,-0.5,0.5,3,rand_test_15,20230102:23:06:03
algorithm,Constant-Weights(Gamma-1:3;Gamma-2:3;Gamma-3:3),0.1,100,[trip_2_opt;remove_customer;add_customer;remove_hotel;add_hotel;],95,5,400,0.5,-1.0,-0.5,0.5,3,rand_test_15,20230102:23:12:30
algorithm,Constant-Weights(Gamma-1:3;Gamma-2:3;Gamma-3:3),0.2,100,[trip_2_opt;remove_customer;add_customer;remove_hotel;add_hotel;],27,5,400,0.5,-1.0,-0.5,0.5,3,rand_test_15,20230102:23:18:52
algorithm,Constant-Weights(Gamma-1:3;Gamma-2:3;Gamma-3:3),0.2,100,[trip_2_opt;remove_customer;add_customer;remove_hotel;add_hotel;],50,5,400,0.5,-1.0,-0.5,0.5,3,rand_test_15,20230102:23:25:12
algorithm,Constant-Weights(Gamma-1:3;Gamma-2:3;Gamma-3:3),0.2,100,[trip_2_opt;remove_customer;add_customer;remove_hotel;add_hotel;],81,5,400,0.5,-1.0,-0.5,0.5,3,rand_test_15,20230102:23:31:35
algorithm,Constant-Weights(Gamma-1:3;Gamma-2:3;Gamma-3:3),0.2,100,[trip_2_opt;remove_customer;add_customer;remove_hotel;add_hotel;],95,5,400,0.5,-1.0,-0.5,0.5,3,rand_test_15,20230102:23:37:54
algorithm,Constant-Weights(Gamma-1:3;Gamma-2:3;Gamma-3:3),0.4,100,[trip_2_opt;remove_customer;add_customer;remove_hotel;add_hotel;],50,5,400,0.5,-1.0,-0.5,0.5,3,rand_test_15,20230102:23:44:14
algorithm,Constant-Weights(Gamma-1:3;Gamma-2:3;Gamma-3:3),0.4,100,[trip_2_opt;remove_customer;add_customer;remove_hotel;add_hotel;],81,5,400,0.5,-1.0,-0.5,0.5,3,rand_test_15,20230102:23:50:29
algorithm,Constant-Weights(Gamma-1:3;Gamma-2:3;Gamma-3:3),0.4,100,[trip_2_opt;remove_customer;add_customer;remove_hotel;add_hotel;],95,5,400,0.5,-1.0,-0.5,0.5,3,rand_test_15,20230102:23:56:49
algorithm,Constant-Weights(Gamma-1:3;Gamma-2:3;Gamma-3:3),0.9,100,[trip_2_opt;remove_customer;add_customer;remove_hotel;add_hotel;],27,5,400,0.5,-1.0,-0.5,0.5,3,rand_test_15,20230103:00:03:17
algorithm,Constant-Weights(Gamma-1:3;Gamma-2:3;Gamma-3:3),0.9,100,[trip_2_opt;remove_customer;add_customer;remove_hotel;add_hotel;],50,5,400,0.5,-1.0,-0.5,0.5,3,rand_test_15,20230103:00:09:40
algorithm,Constant-Weights(Gamma-1:3;Gamma-2:3;Gamma-3:3),0.9,100,[trip_2_opt;remove_customer;add_customer;remove_hotel;add_hotel;],81,5,400,0.5,-1.0,-0.5,0.5,3,rand_test_15,20230103:00:15:52
algorithm,Constant-Weights(Gamma-1:3;Gamma-2:3;Gamma-3:3),0.9,100,[trip_2_opt;remove_customer;add_customer;remove_hotel;add_hotel;],95,5,400,0.5,-1.0,-0.5,0.5,3,rand_test_15,20230103:00:22:11
algorithm,Constant-Weights(Gamma-1:3;Gamma-2:3;Gamma-3:3),0.05,100,[trip_2_opt;remove_customer;add_customer;remove_hotel;add_hotel;],50,5,400,0.5,-1.0,-0.5,0.5,4,rand_test_7,20230103:00:28:34
algorithm,Constant-Weights(Gamma-1:3;Gamma-2:3;Gamma-3:3),0.05,100,[trip_2_opt;remove_customer;add_customer;remove_hotel;add_hotel;],81,5,400,0.5,-1.0,-0.5,0.5,4,rand_test_7,20230103:00:34:45
algorithm,Constant-Weights(Gamma-1:3;Gamma-2:3;Gamma-3:3),0.05,100,[trip_2_opt;remove_customer;add_customer;remove_hotel;add_hotel;],95,5,400,0.5,-1.0,-0.5,0.5,4,rand_test_7,20230103:00:41:04
algorithm,Constant-Weights(Gamma-1:3;Gamma-2:3;Gamma-3:3),0.1,100,[trip_2_opt;remove_customer;add_customer;remove_hotel;add_hotel;],27,5,400,0.5,-1.0,-0.5,0.5,4,rand_test_7,20230103:00:47:19
algorithm,Constant-Weights(Gamma-1:3;Gamma-2:3;Gamma-3:3),0.1,100,[trip_2_opt;remove_customer;add_customer;remove_hotel;add_hotel;],50,5,400,0.5,-1.0,-0.5,0.5,4,rand_test_7,20230103:00:53:28
algorithm,Constant-Weights(Gamma-1:3;Gamma-2:3;Gamma-3:3),0.1,100,[trip_2_opt;remove_customer;add_customer;remove_hotel;add_hotel;],81,5,400,0.5,-1.0,-0.5,0.5,4,rand_test_7,20230103:00:59:40
algorithm,Constant-Weights(Gamma-1:3;Gamma-2:3;Gamma-3:3),0.1,100,[trip_2_opt;remove_customer;add_customer;remove_hotel;add_hotel;],95,5,400,0.5,-1.0,-0.5,0.5,4,rand_test_7,20230103:01:05:57
algorithm,Constant-Weights(Gamma-1:3;Gamma-2:3;Gamma-3:3),0.2,100,[trip_2_opt;remove_customer;add_customer;remove_hotel;add_hotel;],27,5,400,0.5,-1.0,-0.5,0.5,4,rand_test_7,20230103:01:12:09
algorithm,Constant-Weights(Gamma-1:3;Gamma-2:3;Gamma-3:3),0.2,100,[trip_2_opt;remove_customer;add_customer;remove_hotel;add_hotel;],50,5,400,0.5,-1.0,-0.5,0.5,4,rand_test_7,20230103:01:18:15
algorithm,Constant-Weights(Gamma-1:3;Gamma-2:3;Gamma-3:3),0.2,100,[trip_2_opt;remove_customer;add_customer;remove_hotel;add_hotel;],81,5,400,0.5,-1.0,-0.5,0.5,4,rand_test_7,20230103:01:24:28
algorithm,Constant-Weights(Gamma-1:3;Gamma-2:3;Gamma-3:3),0.2,100,[trip_2_opt;remove_customer;add_customer;remove_hotel;add_hotel;],95,5,400,0.5,-1.0,-0.5,0.5,4,rand_test_7,20230103:01:30:40
algorithm,Constant-Weights(Gamma-1:3;Gamma-2:3;Gamma-3:3),0.4,100,[trip_2_opt;remove_customer;add_customer;remove_hotel;add_hotel;],50,5,400,0.5,-1.0,-0.5,0.5,4,rand_test_7,20230103:01:36:59
algorithm,Constant-Weights(Gamma-1:3;Gamma-2:3;Gamma-3:3),0.4,100,[trip_2_opt;remove_customer;add_customer;remove_hotel;add_hotel;],81,5,400,0.5,-1.0,-0.5,0.5,4,rand_test_7,20230103:01:43:08
algorithm,Constant-Weights(Gamma-1:3;Gamma-2:3;Gamma-3:3),0.4,100,[trip_2_opt;remove_customer;add_customer;remove_hotel;add_hotel;],95,5,400,0.5,-1.0,-0.5,0.5,4,rand_test_7,20230103:01:49:18
algorithm,Constant-Weights(Gamma-1:3;Gamma-2:3;Gamma-3:3),0.9,100,[trip_2_opt;remove_customer;add_customer;remove_hotel;add_hotel;],27,5,400,0.5,-1.0,-0.5,0.5,4,rand_test_7,20230103:01:55:34
algorithm,Constant-Weights(Gamma-1:3;Gamma-2:3;Gamma-3:3),0.9,100,[trip_2_opt;remove_customer;add_customer;remove_hotel;add_hotel;],50,5,400,0.5,-1.0,-0.5,0.5,4,rand_test_7,20230103:02:01:48
algorithm,Constant-Weights(Gamma-1:3;Gamma-2:3;Gamma-3:3),0.9,100,[trip_2_opt;remove_customer;add_customer;remove_hotel;add_hotel;],81,5,400,0.5,-1.0,-0.5,0.5,4,rand_test_7,20230103:02:08:03
algorithm,Constant-Weights(Gamma-1:3;Gamma-2:3;Gamma-3:3),0.9,100,[trip_2_opt;remove_customer;add_customer;remove_hotel;add_hotel;],95,5,400,0.5,-1.0,-0.5,0.5,4,rand_test_7,20230103:02:14:22
algorithm,Constant-Weights(Gamma-1:3;Gamma-2:3;Gamma-3:3),0.05,100,[trip_2_opt;remove_customer;add_customer;remove_hotel;add_hotel;],50,5,400,0.5,-1.0,-0.5,0.5,5,rand_test_13,20230103:02:20:43
algorithm,Constant-Weights(Gamma-1:3;Gamma-2:3;Gamma-3:3),0.05,100,[trip_2_opt;remove_customer;add_customer;remove_hotel;add_hotel;],81,5,400,0.5,-1.0,-0.5,0.5,5,rand_test_13,20230103:02:27:15
algorithm,Constant-Weights(Gamma-1:3;Gamma-2:3;Gamma-3:3),0.05,100,[trip_2_opt;remove_customer;add_customer;remove_hotel;add_hotel;],95,5,400,0.5,-1.0,-0.5,0.5,5,rand_test_13,20230103:02:33:56
algorithm,Constant-Weights(Gamma-1:3;Gamma-2:3;Gamma-3:3),0.1,100,[trip_2_opt;remove_customer;add_customer;remove_hotel;add_hotel;],27,5,400,0.5,-1.0,-0.5,0.5,5,rand_test_13,20230103:02:40:35
algorithm,Constant-Weights(Gamma-1:3;Gamma-2:3;Gamma-3:3),0.1,100,[trip_2_opt;remove_customer;add_customer;remove_hotel;add_hotel;],50,5,400,0.5,-1.0,-0.5,0.5,5,rand_test_13,20230103:02:47:10
algorithm,Constant-Weights(Gamma-1:3;Gamma-2:3;Gamma-3:3),0.1,100,[trip_2_opt;remove_customer;add_customer;remove_hotel;add_hotel;],81,5,400,0.5,-1.0,-0.5,0.5,5,rand_test_13,20230103:02:53:46
algorithm,Constant-Weights(Gamma-1:3;Gamma-2:3;Gamma-3:3),0.1,100,[trip_2_opt;remove_customer;add_customer;remove_hotel;add_hotel;],95,5,400,0.5,-1.0,-0.5,0.5,5,rand_test_13,20230103:03:00:24
algorithm,Constant-Weights(Gamma-1:3;Gamma-2:3;Gamma-3:3),0.2,100,[trip_2_opt;remove_customer;add_customer;remove_hotel;add_hotel;],27,5,400,0.5,-1.0,-0.5,0.5,5,rand_test_13,20230103:03:06:58
algorithm,Constant-Weights(Gamma-1:3;Gamma-2:3;Gamma-3:3),0.2,100,[trip_2_opt;remove_customer;add_customer;remove_hotel;add_hotel;],50,5,400,0.5,-1.0,-0.5,0.5,5,rand_test_13,20230103:03:13:32
algorithm,Constant-Weights(Gamma-1:3;Gamma-2:3;Gamma-3:3),0.2,100,[trip_2_opt;remove_customer;add_customer;remove_hotel;add_hotel;],81,5,400,0.5,-1.0,-0.5,0.5,5,rand_test_13,20230103:03:20:09
algorithm,Constant-Weights(Gamma-1:3;Gamma-2:3;Gamma-3:3),0.2,100,[trip_2_opt;remove_customer;add_customer;remove_hotel;add_hotel;],95,5,400,0.5,-1.0,-0.5,0.5,5,rand_test_13,20230103:03:26:45
algorithm,Constant-Weights(Gamma-1:3;Gamma-2:3;Gamma-3:3),0.4,100,[trip_2_opt;remove_customer;add_customer;remove_hotel;add_hotel;],50,5,400,0.5,-1.0,-0.5,0.5,5,rand_test_13,20230103:03:33:18
algorithm,Constant-Weights(Gamma-1:3;Gamma-2:3;Gamma-3:3),0.4,100,[trip_2_opt;remove_customer;add_customer;remove_hotel;add_hotel;],81,5,400,0.5,-1.0,-0.5,0.5,5,rand_test_13,20230103:03:39:49
algorithm,Constant-Weights(Gamma-1:3;Gamma-2:3;Gamma-3:3),0.4,100,[trip_2_opt;remove_customer;add_customer;remove_hotel;add_hotel;],95,5,400,0.5,-1.0,-0.5,0.5,5,rand_test_13,20230103:03:46:26
algorithm,Constant-Weights(Gamma-1:3;Gamma-2:3;Gamma-3:3),0.9,100,[trip_2_opt;remove_customer;add_customer;remove_hotel;add_hotel;],27,5,400,0.5,-1.0,-0.5,0.5,5,rand_test_13,20230103:03:52:59
algorithm,Constant-Weights(Gamma-1:3;Gamma-2:3;Gamma-3:3),0.9,100,[trip_2_opt;remove_customer;add_customer;remove_hotel;add_hotel;],50,5,400,0.5,-1.0,-0.5,0.5,5,rand_test_13,20230103:03:59:32
algorithm,Constant-Weights(Gamma-1:3;Gamma-2:3;Gamma-3:3),0.9,100,[trip_2_opt;remove_customer;add_customer;remove_hotel;add_hotel;],81,5,400,0.5,-1.0,-0.5,0.5,5,rand_test_13,20230103:04:06:09
algorithm,Constant-Weights(Gamma-1:3;Gamma-2:3;Gamma-3:3),0.9,100,[trip_2_opt;remove_customer;add_customer;remove_hotel;add_hotel;],95,5,400,0.5,-1.0,-0.5,0.5,5,rand_test_13,20230103:04:12:41
algorithm,Constant-Weights(Gamma-1:3;Gamma-2:3;Gamma-3:3),0.05,100,[trip_2_opt;remove_customer;add_customer;remove_hotel;add_hotel;],50,5,400,0.5,-1.0,-0.5,0.5,6,rand_test_4,20230103:04:19:21
algorithm,Constant-Weights(Gamma-1:3;Gamma-2:3;Gamma-3:3),0.05,100,[trip_2_opt;remove_customer;add_customer;remove_hotel;add_hotel;],81,5,400,0.5,-1.0,-0.5,0.5,6,rand_test_4,20230103:04:25:48
algorithm,Constant-Weights(Gamma-1:3;Gamma-2:3;Gamma-3:3),0.05,100,[trip_2_opt;remove_customer;add_customer;remove_hotel;add_hotel;],95,5,400,0.5,-1.0,-0.5,0.5,6,rand_test_4,20230103:04:32:15
algorithm,Constant-Weights(Gamma-1:3;Gamma-2:3;Gamma-3:3),0.1,100,[trip_2_opt;remove_customer;add_customer;remove_hotel;add_hotel;],27,5,400,0.5,-1.0,-0.5,0.5,6,rand_test_4,20230103:04:38:43
algorithm,Constant-Weights(Gamma-1:3;Gamma-2:3;Gamma-3:3),0.1,100,[trip_2_opt;remove_customer;add_customer;remove_hotel;add_hotel;],50,5,400,0.5,-1.0,-0.5,0.5,6,rand_test_4,20230103:04:45:04
algorithm,Constant-Weights(Gamma-1:3;Gamma-2:3;Gamma-3:3),0.1,100,[trip_2_opt;remove_customer;add_customer;remove_hotel;add_hotel;],81,5,400,0.5,-1.0,-0.5,0.5,6,rand_test_4,20230103:04:51:20
algorithm,Constant-Weights(Gamma-1:3;Gamma-2:3;Gamma-3:3),0.1,100,[trip_2_opt;remove_customer;add_customer;remove_hotel;add_hotel;],95,5,400,0.5,-1.0,-0.5,0.5,6,rand_test_4,20230103:04:57:41
algorithm,Constant-Weights(Gamma-1:3;Gamma-2:3;Gamma-3:3),0.2,100,[trip_2_opt;remove_customer;add_customer;remove_hotel;add_hotel;],27,5,400,0.5,-1.0,-0.5,0.5,6,rand_test_4,20230103:05:04:03
algorithm,Constant-Weights(Gamma-1:3;Gamma-2:3;Gamma-3:3),0.2,100,[trip_2_opt;remove_customer;add_customer;remove_hotel;add_hotel;],50,5,400,0.5,-1.0,-0.5,0.5,6,rand_test_4,20230103:05:10:17
algorithm,Constant-Weights(Gamma-1:3;Gamma-2:3;Gamma-3:3),0.2,100,[trip_2_opt;remove_customer;add_customer;remove_hotel;add_hotel;],81,5,400,0.5,-1.0,-0.5,0.5,6,rand_test_4,20230103:05:16:36
algorithm,Constant-Weights(Gamma-1:3;Gamma-2:3;Gamma-3:3),0.2,100,[trip_2_opt;remove_customer;add_customer;remove_hotel;add_hotel;],95,5,400,0.5,-1.0,-0.5,0.5,6,rand_test_4,20230103:05:23:00
algorithm,Constant-Weights(Gamma-1:3;Gamma-2:3;Gamma-3:3),0.4,100,[trip_2_opt;remove_customer;add_customer;remove_hotel;add_hotel;],50,5,400,0.5,-1.0,-0.5,0.5,6,rand_test_4,20230103:05:29:24
algorithm,Constant-Weights(Gamma-1:3;Gamma-2:3;Gamma-3:3),0.4,100,[trip_2_opt;remove_customer;add_customer;remove_hotel;add_hotel;],81,5,400,0.5,-1.0,-0.5,0.5,6,rand_test_4,20230103:05:35:49
algorithm,Constant-Weights(Gamma-1:3;Gamma-2:3;Gamma-3:3),0.4,100,[trip_2_opt;remove_customer;add_customer;remove_hotel;add_hotel;],95,5,400,0.5,-1.0,-0.5,0.5,6,rand_test_4,20230103:05:42:11
algorithm,Constant-Weights(Gamma-1:3;Gamma-2:3;Gamma-3:3),0.9,100,[trip_2_opt;remove_customer;add_customer;remove_hotel;add_hotel;],27,5,400,0.5,-1.0,-0.5,0.5,6,rand_test_4,20230103:05:48:33
algorithm,Constant-Weights(Gamma-1:3;Gamma-2:3;Gamma-3:3),0.9,100,[trip_2_opt;remove_customer;add_customer;remove_hotel;add_hotel;],50,5,400,0.5,-1.0,-0.5,0.5,6,rand_test_4,20230103:05:54:53
algorithm,Constant-Weights(Gamma-1:3;Gamma-2:3;Gamma-3:3),0.9,100,[trip_2_opt;remove_customer;add_customer;remove_hotel;add_hotel;],81,5,400,0.5,-1.0,-0.5,0.5,6,rand_test_4,20230103:06:01:14
algorithm,Constant-Weights(Gamma-1:3;Gamma-2:3;Gamma-3:3),0.9,100,[trip_2_opt;remove_customer;add_customer;remove_hotel;add_hotel;],95,5,400,0.5,-1.0,-0.5,0.5,6,rand_test_4,20230103:06:07:39
algorithm,Constant-Weights(Gamma-1:3;Gamma-2:3;Gamma-3:3),0.05,100,[trip_2_opt;remove_customer;add_customer;remove_hotel;add_hotel;],50,5,400,0.5,-1.0,-0.5,0.5,7,rand_test_15,20230103:06:14:09
algorithm,Constant-Weights(Gamma-1:3;Gamma-2:3;Gamma-3:3),0.05,100,[trip_2_opt;remove_customer;add_customer;remove_hotel;add_hotel;],81,5,400,0.5,-1.0,-0.5,0.5,7,rand_test_15,20230103:06:20:31
algorithm,Constant-Weights(Gamma-1:3;Gamma-2:3;Gamma-3:3),0.05,100,[trip_2_opt;remove_customer;add_customer;remove_hotel;add_hotel;],95,5,400,0.5,-1.0,-0.5,0.5,7,rand_test_15,20230103:06:26:57
algorithm,Constant-Weights(Gamma-1:3;Gamma-2:3;Gamma-3:3),0.1,100,[trip_2_opt;remove_customer;add_customer;remove_hotel;add_hotel;],27,5,400,0.5,-1.0,-0.5,0.5,7,rand_test_15,20230103:06:33:29
algorithm,Constant-Weights(Gamma-1:3;Gamma-2:3;Gamma-3:3),0.1,100,[trip_2_opt;remove_customer;add_customer;remove_hotel;add_hotel;],50,5,400,0.5,-1.0,-0.5,0.5,7,rand_test_15,20230103:06:39:52
algorithm,Constant-Weights(Gamma-1:3;Gamma-2:3;Gamma-3:3),0.1,100,[trip_2_opt;remove_customer;add_customer;remove_hotel;add_hotel;],81,5,400,0.5,-1.0,-0.5,0.5,7,rand_test_15,20230103:06:46:23
algorithm,Constant-Weights(Gamma-1:3;Gamma-2:3;Gamma-3:3),0.1,100,[trip_2_opt;remove_customer;add_customer;remove_hotel;add_hotel;],95,5,400,0.5,-1.0,-0.5,0.5,7,rand_test_15,20230103:06:52:59
algorithm,Constant-Weights(Gamma-1:3;Gamma-2:3;Gamma-3:3),0.2,100,[trip_2_opt;remove_customer;add_customer;remove_hotel;add_hotel;],27,5,400,0.5,-1.0,-0.5,0.5,7,rand_test_15,20230103:06:59:21
algorithm,Constant-Weights(Gamma-1:3;Gamma-2:3;Gamma-3:3),0.2,100,[trip_2_opt;remove_customer;add_customer;remove_hotel;add_hotel;],50,5,400,0.5,-1.0,-0.5,0.5,7,rand_test_15,20230103:07:05:44
algorithm,Constant-Weights(Gamma-1:3;Gamma-2:3;Gamma-3:3),0.2,100,[trip_2_opt;remove_customer;add_customer;remove_hotel;add_hotel;],81,5,400,0.5,-1.0,-0.5,0.5,7,rand_test_15,20230103:07:12:06
algorithm,Constant-Weights(Gamma-1:3;Gamma-2:3;Gamma-3:3),0.2,100,[trip_2_opt;remove_customer;add_customer;remove_hotel;add_hotel;],95,5,400,0.5,-1.0,-0.5,0.5,7,rand_test_15,20230103:07:18:32
algorithm,Constant-Weights(Gamma-1:3;Gamma-2:3;Gamma-3:3),0.4,100,[trip_2_opt;remove_customer;add_customer;remove_hotel;add_hotel;],50,5,400,0.5,-1.0,-0.5,0.5,7,rand_test_15,20230103:07:25:01
algorithm,Constant-Weights(Gamma-1:3;Gamma-2:3;Gamma-3:3),0.4,100,[trip_2_opt;remove_customer;add_customer;remove_hotel;add_hotel;],81,5,400,0.5,-1.0,-0.5,0.5,7,rand_test_15,20230103:07:31:22
algorithm,Constant-Weights(Gamma-1:3;Gamma-2:3;Gamma-3:3),0.4,100,[trip_2_opt;remove_customer;add_customer;remove_hotel;add_hotel;],95,5,400,0.5,-1.0,-0.5,0.5,7,rand_test_15,20230103:07:37:43
algorithm,Constant-Weights(Gamma-1:3;Gamma-2:3;Gamma-3:3),0.9,100,[trip_2_opt;remove_customer;add_customer;remove_hotel;add_hotel;],27,5,400,0.5,-1.0,-0.5,0.5,7,rand_test_15,20230103:07:44:12
algorithm,Constant-Weights(Gamma-1:3;Gamma-2:3;Gamma-3:3),0.9,100,[trip_2_opt;remove_customer;add_customer;remove_hotel;add_hotel;],50,5,400,0.5,-1.0,-0.5,0.5,7,rand_test_15,20230103:07:50:35
algorithm,Constant-Weights(Gamma-1:3;Gamma-2:3;Gamma-3:3),0.9,100,[trip_2_opt;remove_customer;add_customer;remove_hotel;add_hotel;],81,5,400,0.5,-1.0,-0.5,0.5,7,rand_test_15,20230103:07:56:56
algorithm,Constant-Weights(Gamma-1:3;Gamma-2:3;Gamma-3:3),0.9,100,[trip_2_opt;remove_customer;add_customer;remove_hotel;add_hotel;],95,5,400,0.5,-1.0,-0.5,0.5,7,rand_test_15,20230103:08:03:23
algorithm,Constant-Weights(Gamma-1:3;Gamma-2:3;Gamma-3:3),0.05,100,[trip_2_opt;remove_customer;add_customer;remove_hotel;add_hotel;],50,5,400,0.5,-1.0,-0.5,0.5,8,rand_test_14,20230103:08:09:55
algorithm,Constant-Weights(Gamma-1:3;Gamma-2:3;Gamma-3:3),0.05,100,[trip_2_opt;remove_customer;add_customer;remove_hotel;add_hotel;],81,5,400,0.5,-1.0,-0.5,0.5,8,rand_test_14,20230103:08:16:29
algorithm,Constant-Weights(Gamma-1:3;Gamma-2:3;Gamma-3:3),0.05,100,[trip_2_opt;remove_customer;add_customer;remove_hotel;add_hotel;],95,5,400,0.5,-1.0,-0.5,0.5,8,rand_test_14,20230103:08:23:03
algorithm,Constant-Weights(Gamma-1:3;Gamma-2:3;Gamma-3:3),0.1,100,[trip_2_opt;remove_customer;add_customer;remove_hotel;add_hotel;],27,5,400,0.5,-1.0,-0.5,0.5,8,rand_test_14,20230103:08:29:40
algorithm,Constant-Weights(Gamma-1:3;Gamma-2:3;Gamma-3:3),0.1,100,[trip_2_opt;remove_customer;add_customer;remove_hotel;add_hotel;],50,5,400,0.5,-1.0,-0.5,0.5,8,rand_test_14,20230103:08:36:07
algorithm,Constant-Weights(Gamma-1:3;Gamma-2:3;Gamma-3:3),0.1,100,[trip_2_opt;remove_customer;add_customer;remove_hotel;add_hotel;],81,5,400,0.5,-1.0,-0.5,0.5,8,rand_test_14,20230103:08:42:38
algorithm,Constant-Weights(Gamma-1:3;Gamma-2:3;Gamma-3:3),0.1,100,[trip_2_opt;remove_customer;add_customer;remove_hotel;add_hotel;],95,5,400,0.5,-1.0,-0.5,0.5,8,rand_test_14,20230103:08:49:09
algorithm,Constant-Weights(Gamma-1:3;Gamma-2:3;Gamma-3:3),0.2,100,[trip_2_opt;remove_customer;add_customer;remove_hotel;add_hotel;],27,5,400,0.5,-1.0,-0.5,0.5,8,rand_test_14,20230103:08:55:42
algorithm,Constant-Weights(Gamma-1:3;Gamma-2:3;Gamma-3:3),0.2,100,[trip_2_opt;remove_customer;add_customer;remove_hotel;add_hotel;],50,5,400,0.5,-1.0,-0.5,0.5,8,rand_test_14,20230103:09:02:16
algorithm,Constant-Weights(Gamma-1:3;Gamma-2:3;Gamma-3:3),0.2,100,[trip_2_opt;remove_customer;add_customer;remove_hotel;add_hotel;],81,5,400,0.5,-1.0,-0.5,0.5,8,rand_test_14,20230103:09:08:50
algorithm,Constant-Weights(Gamma-1:3;Gamma-2:3;Gamma-3:3),0.2,100,[trip_2_opt;remove_customer;add_customer;remove_hotel;add_hotel;],95,5,400,0.5,-1.0,-0.5,0.5,8,rand_test_14,20230103:09:15:30
algorithm,Constant-Weights(Gamma-1:3;Gamma-2:3;Gamma-3:3),0.4,100,[trip_2_opt;remove_customer;add_customer;remove_hotel;add_hotel;],50,5,400,0.5,-1.0,-0.5,0.5,8,rand_test_14,20230103:09:21:59
algorithm,Constant-Weights(Gamma-1:3;Gamma-2:3;Gamma-3:3),0.4,100,[trip_2_opt;remove_customer;add_customer;remove_hotel;add_hotel;],81,5,400,0.5,-1.0,-0.5,0.5,8,rand_test_14,20230103:09:28:32
algorithm,Constant-Weights(Gamma-1:3;Gamma-2:3;Gamma-3:3),0.4,100,[trip_2_opt;remove_customer;add_customer;remove_hotel;add_hotel;],95,5,400,0.5,-1.0,-0.5,0.5,8,rand_test_14,20230103:09:34:57
algorithm,Constant-Weights(Gamma-1:3;Gamma-2:3;Gamma-3:3),0.9,100,[trip_2_opt;remove_customer;add_customer;remove_hotel;add_hotel;],27,5,400,0.5,-1.0,-0.5,0.5,8,rand_test_14,20230103:09:41:29
algorithm,Constant-Weights(Gamma-1:3;Gamma-2:3;Gamma-3:3),0.9,100,[trip_2_opt;remove_customer;add_customer;remove_hotel;add_hotel;],50,5,400,0.5,-1.0,-0.5,0.5,8,rand_test_14,20230103:09:47:53
algorithm,Constant-Weights(Gamma-1:3;Gamma-2:3;Gamma-3:3),0.9,100,[trip_2_opt;remove_customer;add_customer;remove_hotel;add_hotel;],81,5,400,0.5,-1.0,-0.5,0.5,8,rand_test_14,20230103:09:54:27
algorithm,Constant-Weights(Gamma-1:3;Gamma-2:3;Gamma-3:3),0.9,100,[trip_2_opt;remove_customer;add_customer;remove_hotel;add_hotel;],95,5,400,0.5,-1.0,-0.5,0.5,8,rand_test_14,20230103:10:00:57
algorithm,Constant-Weights(Gamma-1:3;Gamma-2:3;Gamma-3:3),0.05,100,[trip_2_opt;remove_customer;add_customer;remove_hotel;add_hotel;],50,5,400,0.5,-1.0,-0.5,0.5,9,rand_test_10,20230103:10:07:27
algorithm,Constant-Weights(Gamma-1:3;Gamma-2:3;Gamma-3:3),0.05,100,[trip_2_opt;remove_customer;add_customer;remove_hotel;add_hotel;],81,5,400,0.5,-1.0,-0.5,0.5,9,rand_test_10,20230103:10:14:09
algorithm,Constant-Weights(Gamma-1:3;Gamma-2:3;Gamma-3:3),0.05,100,[trip_2_opt;remove_customer;add_customer;remove_hotel;add_hotel;],95,5,400,0.5,-1.0,-0.5,0.5,9,rand_test_10,20230103:10:20:55
algorithm,Constant-Weights(Gamma-1:3;Gamma-2:3;Gamma-3:3),0.1,100,[trip_2_opt;remove_customer;add_customer;remove_hotel;add_hotel;],27,5,400,0.5,-1.0,-0.5,0.5,9,rand_test_10,20230103:10:27:32
algorithm,Constant-Weights(Gamma-1:3;Gamma-2:3;Gamma-3:3),0.1,100,[trip_2_opt;remove_customer;add_customer;remove_hotel;add_hotel;],50,5,400,0.5,-1.0,-0.5,0.5,9,rand_test_10,20230103:10:34:02
algorithm,Constant-Weights(Gamma-1:3;Gamma-2:3;Gamma-3:3),0.1,100,[trip_2_opt;remove_customer;add_customer;remove_hotel;add_hotel;],81,5,400,0.5,-1.0,-0.5,0.5,9,rand_test_10,20230103:10:40:34
algorithm,Constant-Weights(Gamma-1:3;Gamma-2:3;Gamma-3:3),0.1,100,[trip_2_opt;remove_customer;add_customer;remove_hotel;add_hotel;],95,5,400,0.5,-1.0,-0.5,0.5,9,rand_test_10,20230103:10:47:05
algorithm,Constant-Weights(Gamma-1:3;Gamma-2:3;Gamma-3:3),0.2,100,[trip_2_opt;remove_customer;add_customer;remove_hotel;add_hotel;],27,5,400,0.5,-1.0,-0.5,0.5,9,rand_test_10,20230103:10:53:45
algorithm,Constant-Weights(Gamma-1:3;Gamma-2:3;Gamma-3:3),0.2,100,[trip_2_opt;remove_customer;add_customer;remove_hotel;add_hotel;],50,5,400,0.5,-1.0,-0.5,0.5,9,rand_test_10,20230103:11:00:16
algorithm,Constant-Weights(Gamma-1:3;Gamma-2:3;Gamma-3:3),0.2,100,[trip_2_opt;remove_customer;add_customer;remove_hotel;add_hotel;],81,5,400,0.5,-1.0,-0.5,0.5,9,rand_test_10,20230103:11:06:54
algorithm,Constant-Weights(Gamma-1:3;Gamma-2:3;Gamma-3:3),0.2,100,[trip_2_opt;remove_customer;add_customer;remove_hotel;add_hotel;],95,5,400,0.5,-1.0,-0.5,0.5,9,rand_test_10,20230103:11:13:35
algorithm,Constant-Weights(Gamma-1:3;Gamma-2:3;Gamma-3:3),0.4,100,[trip_2_opt;remove_customer;add_customer;remove_hotel;add_hotel;],50,5,400,0.5,-1.0,-0.5,0.5,9,rand_test_10,20230103:11:20:14
algorithm,Constant-Weights(Gamma-1:3;Gamma-2:3;Gamma-3:3),0.4,100,[trip_2_opt;remove_customer;add_customer;remove_hotel;add_hotel;],81,5,400,0.5,-1.0,-0.5,0.5,9,rand_test_10,20230103:11:26:54
algorithm,Constant-Weights(Gamma-1:3;Gamma-2:3;Gamma-3:3),0.4,100,[trip_2_opt;remove_customer;add_customer;remove_hotel;add_hotel;],95,5,400,0.5,-1.0,-0.5,0.5,9,rand_test_10,20230103:11:33:31
algorithm,Constant-Weights(Gamma-1:3;Gamma-2:3;Gamma-3:3),0.9,100,[trip_2_opt;remove_customer;add_customer;remove_hotel;add_hotel;],27,5,400,0.5,-1.0,-0.5,0.5,9,rand_test_10,20230103:11:40:10
algorithm,Constant-Weights(Gamma-1:3;Gamma-2:3;Gamma-3:3),0.9,100,[trip_2_opt;remove_customer;add_customer;remove_hotel;add_hotel;],50,5,400,0.5,-1.0,-0.5,0.5,9,rand_test_10,20230103:11:46:44
algorithm,Constant-Weights(Gamma-1:3;Gamma-2:3;Gamma-3:3),0.9,100,[trip_2_opt;remove_customer;add_customer;remove_hotel;add_hotel;],81,5,400,0.5,-1.0,-0.5,0.5,9,rand_test_10,20230103:11:53:16
algorithm,Constant-Weights(Gamma-1:3;Gamma-2:3;Gamma-3:3),0.9,100,[trip_2_opt;remove_customer;add_customer;remove_hotel;add_hotel;],95,5,400,0.5,-1.0,-0.5,0.5,9,rand_test_10,20230103:12:00:01
algorithm,Constant-Weights(Gamma-1:3;Gamma-2:3;Gamma-3:3),0.05,100,[trip_2_opt;remove_customer;add_customer;remove_hotel;add_hotel;],50,5,400,0.5,-1.0,-0.5,0.5,10,rand_test_3,20230103:12:06:42
algorithm,Constant-Weights(Gamma-1:3;Gamma-2:3;Gamma-3:3),0.05,100,[trip_2_opt;remove_customer;add_customer;remove_hotel;add_hotel;],81,5,400,0.5,-1.0,-0.5,0.5,10,rand_test_3,20230103:12:13:07
algorithm,Constant-Weights(Gamma-1:3;Gamma-2:3;Gamma-3:3),0.05,100,[trip_2_opt;remove_customer;add_customer;remove_hotel;add_hotel;],95,5,400,0.5,-1.0,-0.5,0.5,10,rand_test_3,20230103:12:19:32
algorithm,Constant-Weights(Gamma-1:3;Gamma-2:3;Gamma-3:3),0.1,100,[trip_2_opt;remove_customer;add_customer;remove_hotel;add_hotel;],27,5,400,0.5,-1.0,-0.5,0.5,10,rand_test_3,20230103:12:26:00
algorithm,Constant-Weights(Gamma-1:3;Gamma-2:3;Gamma-3:3),0.1,100,[trip_2_opt;remove_customer;add_customer;remove_hotel;add_hotel;],50,5,400,0.5,-1.0,-0.5,0.5,10,rand_test_3,20230103:12:32:25
algorithm,Constant-Weights(Gamma-1:3;Gamma-2:3;Gamma-3:3),0.1,100,[trip_2_opt;remove_customer;add_customer;remove_hotel;add_hotel;],81,5,400,0.5,-1.0,-0.5,0.5,10,rand_test_3,20230103:12:38:50
algorithm,Constant-Weights(Gamma-1:3;Gamma-2:3;Gamma-3:3),0.1,100,[trip_2_opt;remove_customer;add_customer;remove_hotel;add_hotel;],95,5,400,0.5,-1.0,-0.5,0.5,10,rand_test_3,20230103:12:45:17
algorithm,Constant-Weights(Gamma-1:3;Gamma-2:3;Gamma-3:3),0.2,100,[trip_2_opt;remove_customer;add_customer;remove_hotel;add_hotel;],27,5,400,0.5,-1.0,-0.5,0.5,10,rand_test_3,20230103:12:51:41
algorithm,Constant-Weights(Gamma-1:3;Gamma-2:3;Gamma-3:3),0.2,100,[trip_2_opt;remove_customer;add_customer;remove_hotel;add_hotel;],50,5,400,0.5,-1.0,-0.5,0.5,10,rand_test_3,20230103:12:58:06
algorithm,Constant-Weights(Gamma-1:3;Gamma-2:3;Gamma-3:3),0.2,100,[trip_2_opt;remove_customer;add_customer;remove_hotel;add_hotel;],81,5,400,0.5,-1.0,-0.5,0.5,10,rand_test_3,20230103:13:04:25
algorithm,Constant-Weights(Gamma-1:3;Gamma-2:3;Gamma-3:3),0.2,100,[trip_2_opt;remove_customer;add_customer;remove_hotel;add_hotel;],95,5,400,0.5,-1.0,-0.5,0.5,10,rand_test_3,20230103:13:10:56
algorithm,Constant-Weights(Gamma-1:3;Gamma-2:3;Gamma-3:3),0.4,100,[trip_2_opt;remove_customer;add_customer;remove_hotel;add_hotel;],50,5,400,0.5,-1.0,-0.5,0.5,10,rand_test_3,20230103:13:17:23
algorithm,Constant-Weights(Gamma-1:3;Gamma-2:3;Gamma-3:3),0.4,100,[trip_2_opt;remove_customer;add_customer;remove_hotel;add_hotel;],81,5,400,0.5,-1.0,-0.5,0.5,10,rand_test_3,20230103:13:23:45
algorithm,Constant-Weights(Gamma-1:3;Gamma-2:3;Gamma-3:3),0.4,100,[trip_2_opt;remove_customer;add_customer;remove_hotel;add_hotel;],95,5,400,0.5,-1.0,-0.5,0.5,10,rand_test_3,20230103:13:30:15
algorithm,Constant-Weights(Gamma-1:3;Gamma-2:3;Gamma-3:3),0.9,100,[trip_2_opt;remove_customer;add_customer;remove_hotel;add_hotel;],27,5,400,0.5,-1.0,-0.5,0.5,10,rand_test_3,20230103:13:36:38
algorithm,Constant-Weights(Gamma-1:3;Gamma-2:3;Gamma-3:3),0.9,100,[trip_2_opt;remove_customer;add_customer;remove_hotel;add_hotel;],50,5,400,0.5,-1.0,-0.5,0.5,10,rand_test_3,20230103:13:43:01
algorithm,Constant-Weights(Gamma-1:3;Gamma-2:3;Gamma-3:3),0.9,100,[trip_2_opt;remove_customer;add_customer;remove_hotel;add_hotel;],81,5,400,0.5,-1.0,-0.5,0.5,10,rand_test_3,20230103:13:49:18
algorithm,Constant-Weights(Gamma-1:3;Gamma-2:3;Gamma-3:3),0.9,100,[trip_2_opt;remove_customer;add_customer;remove_hotel;add_hotel;],95,5,400,0.5,-1.0,-0.5,0.5,10,rand_test_3,20230103:13:55:30
algorithm,Constant-Weights(Gamma-1:3;Gamma-2:3;Gamma-3:3),0.05,100,[trip_2_opt;remove_customer;add_customer;remove_hotel;add_hotel;],50,5,400,0.5,-1.0,-0.5,0.5,11,rand_test_19,20230103:14:01:48
algorithm,Constant-Weights(Gamma-1:3;Gamma-2:3;Gamma-3:3),0.05,100,[trip_2_opt;remove_customer;add_customer;remove_hotel;add_hotel;],81,5,400,0.5,-1.0,-0.5,0.5,11,rand_test_19,20230103:14:08:21
algorithm,Constant-Weights(Gamma-1:3;Gamma-2:3;Gamma-3:3),0.05,100,[trip_2_opt;remove_customer;add_customer;remove_hotel;add_hotel;],95,5,400,0.5,-1.0,-0.5,0.5,11,rand_test_19,20230103:14:14:54
algorithm,Constant-Weights(Gamma-1:3;Gamma-2:3;Gamma-3:3),0.1,100,[trip_2_opt;remove_customer;add_customer;remove_hotel;add_hotel;],50,5,400,0.5,-1.0,-0.5,0.5,11,rand_test_19,20230103:14:21:29
algorithm,Constant-Weights(Gamma-1:3;Gamma-2:3;Gamma-3:3),0.1,100,[trip_2_opt;remove_customer;add_customer;remove_hotel;add_hotel;],81,5,400,0.5,-1.0,-0.5,0.5,11,rand_test_19,20230103:14:27:51
algorithm,Constant-Weights(Gamma-1:3;Gamma-2:3;Gamma-3:3),0.1,100,[trip_2_opt;remove_customer;add_customer;remove_hotel;add_hotel;],95,5,400,0.5,-1.0,-0.5,0.5,11,rand_test_19,20230103:14:34:21
algorithm,Constant-Weights(Gamma-1:3;Gamma-2:3;Gamma-3:3),0.2,100,[trip_2_opt;remove_customer;add_customer;remove_hotel;add_hotel;],27,5,400,0.5,-1.0,-0.5,0.5,11,rand_test_19,20230103:14:40:54
algorithm,Constant-Weights(Gamma-1:3;Gamma-2:3;Gamma-3:3),0.2,100,[trip_2_opt;remove_customer;add_customer;remove_hotel;add_hotel;],50,5,400,0.5,-1.0,-0.5,0.5,11,rand_test_19,20230103:14:47:17
algorithm,Constant-Weights(Gamma-1:3;Gamma-2:3;Gamma-3:3),0.2,100,[trip_2_opt;remove_customer;add_customer;remove_hotel;add_hotel;],81,5,400,0.5,-1.0,-0.5,0.5,11,rand_test_19,20230103:14:53:38
algorithm,Constant-Weights(Gamma-1:3;Gamma-2:3;Gamma-3:3),0.2,100,[trip_2_opt;remove_customer;add_customer;remove_hotel;add_hotel;],95,5,400,0.5,-1.0,-0.5,0.5,11,rand_test_19,20230103:15:00:08
algorithm,Constant-Weights(Gamma-1:3;Gamma-2:3;Gamma-3:3),0.4,100,[trip_2_opt;remove_customer;add_customer;remove_hotel;add_hotel;],50,5,400,0.5,-1.0,-0.5,0.5,11,rand_test_19,20230103:15:06:41
algorithm,Constant-Weights(Gamma-1:3;Gamma-2:3;Gamma-3:3),0.4,100,[trip_2_opt;remove_customer;add_customer;remove_hotel;add_hotel;],81,5,400,0.5,-1.0,-0.5,0.5,11,rand_test_19,20230103:15:13:04
algorithm,Constant-Weights(Gamma-1:3;Gamma-2:3;Gamma-3:3),0.4,100,[trip_2_opt;remove_customer;add_customer;remove_hotel;add_hotel;],95,5,400,0.5,-1.0,-0.5,0.5,11,rand_test_19,20230103:15:19:35
algorithm,Constant-Weights(Gamma-1:3;Gamma-2:3;Gamma-3:3),0.9,100,[trip_2_opt;remove_customer;add_customer;remove_hotel;add_hotel;],27,5,400,0.5,-1.0,-0.5,0.5,11,rand_test_19,20230103:15:26:00
algorithm,Constant-Weights(Gamma-1:3;Gamma-2:3;Gamma-3:3),0.9,100,[trip_2_opt;remove_customer;add_customer;remove_hotel;add_hotel;],50,5,400,0.5,-1.0,-0.5,0.5,11,rand_test_19,20230103:15:32:30
algorithm,Constant-Weights(Gamma-1:3;Gamma-2:3;Gamma-3:3),0.9,100,[trip_2_opt;remove_customer;add_customer;remove_hotel;add_hotel;],81,5,400,0.5,-1.0,-0.5,0.5,11,rand_test_19,20230103:15:38:59
algorithm,Constant-Weights(Gamma-1:3;Gamma-2:3;Gamma-3:3),0.9,100,[trip_2_opt;remove_customer;add_customer;remove_hotel;add_hotel;],95,5,400,0.5,-1.0,-0.5,0.5,11,rand_test_19,20230103:15:45:28
algorithm,Constant-Weights(Gamma-1:3;Gamma-2:3;Gamma-3:3),0.05,100,[trip_2_opt;remove_customer;add_customer;remove_hotel;add_hotel;],50,5,400,0.5,-1.0,-0.5,0.5,12,rand_test_18,20230103:15:51:59
algorithm,Constant-Weights(Gamma-1:3;Gamma-2:3;Gamma-3:3),0.05,100,[trip_2_opt;remove_customer;add_customer;remove_hotel;add_hotel;],81,5,400,0.5,-1.0,-0.5,0.5,12,rand_test_18,20230103:15:58:02
algorithm,Constant-Weights(Gamma-1:3;Gamma-2:3;Gamma-3:3),0.05,100,[trip_2_opt;remove_customer;add_customer;remove_hotel;add_hotel;],95,5,400,0.5,-1.0,-0.5,0.5,12,rand_test_18,20230103:16:04:09
algorithm,Constant-Weights(Gamma-1:3;Gamma-2:3;Gamma-3:3),0.1,100,[trip_2_opt;remove_customer;add_customer;remove_hotel;add_hotel;],50,5,400,0.5,-1.0,-0.5,0.5,12,rand_test_18,20230103:16:10:15
algorithm,Constant-Weights(Gamma-1:3;Gamma-2:3;Gamma-3:3),0.1,100,[trip_2_opt;remove_customer;add_customer;remove_hotel;add_hotel;],81,5,400,0.5,-1.0,-0.5,0.5,12,rand_test_18,20230103:16:16:21
algorithm,Constant-Weights(Gamma-1:3;Gamma-2:3;Gamma-3:3),0.1,100,[trip_2_opt;remove_customer;add_customer;remove_hotel;add_hotel;],95,5,400,0.5,-1.0,-0.5,0.5,12,rand_test_18,20230103:16:22:26
algorithm,Constant-Weights(Gamma-1:3;Gamma-2:3;Gamma-3:3),0.2,100,[trip_2_opt;remove_customer;add_customer;remove_hotel;add_hotel;],27,5,400,0.5,-1.0,-0.5,0.5,12,rand_test_18,20230103:16:28:33
algorithm,Constant-Weights(Gamma-1:3;Gamma-2:3;Gamma-3:3),0.2,100,[trip_2_opt;remove_customer;add_customer;remove_hotel;add_hotel;],50,5,400,0.5,-1.0,-0.5,0.5,12,rand_test_18,20230103:16:34:36
algorithm,Constant-Weights(Gamma-1:3;Gamma-2:3;Gamma-3:3),0.2,100,[trip_2_opt;remove_customer;add_customer;remove_hotel;add_hotel;],81,5,400,0.5,-1.0,-0.5,0.5,12,rand_test_18,20230103:16:40:37
algorithm,Constant-Weights(Gamma-1:3;Gamma-2:3;Gamma-3:3),0.2,100,[trip_2_opt;remove_customer;add_customer;remove_hotel;add_hotel;],95,5,400,0.5,-1.0,-0.5,0.5,12,rand_test_18,20230103:16:46:38
algorithm,Constant-Weights(Gamma-1:3;Gamma-2:3;Gamma-3:3),0.4,100,[trip_2_opt;remove_customer;add_customer;remove_hotel;add_hotel;],50,5,400,0.5,-1.0,-0.5,0.5,12,rand_test_18,20230103:16:52:40
algorithm,Constant-Weights(Gamma-1:3;Gamma-2:3;Gamma-3:3),0.4,100,[trip_2_opt;remove_customer;add_customer;remove_hotel;add_hotel;],81,5,400,0.5,-1.0,-0.5,0.5,12,rand_test_18,20230103:16:58:40
algorithm,Constant-Weights(Gamma-1:3;Gamma-2:3;Gamma-3:3),0.4,100,[trip_2_opt;remove_customer;add_customer;remove_hotel;add_hotel;],95,5,400,0.5,-1.0,-0.5,0.5,12,rand_test_18,20230103:17:04:43
algorithm,Constant-Weights(Gamma-1:3;Gamma-2:3;Gamma-3:3),0.9,100,[trip_2_opt;remove_customer;add_customer;remove_hotel;add_hotel;],27,5,400,0.5,-1.0,-0.5,0.5,12,rand_test_18,20230103:17:10:48
algorithm,Constant-Weights(Gamma-1:3;Gamma-2:3;Gamma-3:3),0.9,100,[trip_2_opt;remove_customer;add_customer;remove_hotel;add_hotel;],50,5,400,0.5,-1.0,-0.5,0.5,12,rand_test_18,20230103:17:16:49
algorithm,Constant-Weights(Gamma-1:3;Gamma-2:3;Gamma-3:3),0.9,100,[trip_2_opt;remove_customer;add_customer;remove_hotel;add_hotel;],81,5,400,0.5,-1.0,-0.5,0.5,12,rand_test_18,20230103:17:22:52
algorithm,Constant-Weights(Gamma-1:3;Gamma-2:3;Gamma-3:3),0.9,100,[trip_2_opt;remove_customer;add_customer;remove_hotel;add_hotel;],95,5,400,0.5,-1.0,-0.5,0.5,12,rand_test_18,20230103:17:28:58
algorithm,Constant-Weights(Gamma-1:3;Gamma-2:3;Gamma-3:3),0.05,100,[trip_2_opt;remove_customer;add_customer;remove_hotel;add_hotel;],50,5,400,0.5,-1.0,-0.5,0.5,13,rand_test_5,20230103:17:35:04
algorithm,Constant-Weights(Gamma-1:3;Gamma-2:3;Gamma-3:3),0.05,100,[trip_2_opt;remove_customer;add_customer;remove_hotel;add_hotel;],81,5,400,0.5,-1.0,-0.5,0.5,13,rand_test_5,20230103:17:41:18
algorithm,Constant-Weights(Gamma-1:3;Gamma-2:3;Gamma-3:3),0.05,100,[trip_2_opt;remove_customer;add_customer;remove_hotel;add_hotel;],95,5,400,0.5,-1.0,-0.5,0.5,13,rand_test_5,20230103:17:47:38
algorithm,Constant-Weights(Gamma-1:3;Gamma-2:3;Gamma-3:3),0.1,100,[trip_2_opt;remove_customer;add_customer;remove_hotel;add_hotel;],50,5,400,0.5,-1.0,-0.5,0.5,13,rand_test_5,20230103:17:53:58
algorithm,Constant-Weights(Gamma-1:3;Gamma-2:3;Gamma-3:3),0.1,100,[trip_2_opt;remove_customer;add_customer;remove_hotel;add_hotel;],81,5,400,0.5,-1.0,-0.5,0.5,13,rand_test_5,20230103:18:00:19
algorithm,Constant-Weights(Gamma-1:3;Gamma-2:3;Gamma-3:3),0.1,100,[trip_2_opt;remove_customer;add_customer;remove_hotel;add_hotel;],95,5,400,0.5,-1.0,-0.5,0.5,13,rand_test_5,20230103:18:06:37
algorithm,Constant-Weights(Gamma-1:3;Gamma-2:3;Gamma-3:3),0.2,100,[trip_2_opt;remove_customer;add_customer;remove_hotel;add_hotel;],27,5,400,0.5,-1.0,-0.5,0.5,13,rand_test_5,20230103:18:12:55
algorithm,Constant-Weights(Gamma-1:3;Gamma-2:3;Gamma-3:3),0.2,100,[trip_2_opt;remove_customer;add_customer;remove_hotel;add_hotel;],50,5,400,0.5,-1.0,-0.5,0.5,13,rand_test_5,20230103:18:19:06
algorithm,Constant-Weights(Gamma-1:3;Gamma-2:3;Gamma-3:3),0.2,100,[trip_2_opt;remove_customer;add_customer;remove_hotel;add_hotel;],81,5,400,0.5,-1.0,-0.5,0.5,13,rand_test_5,20230103:18:25:13
algorithm,Constant-Weights(Gamma-1:3;Gamma-2:3;Gamma-3:3),0.2,100,[trip_2_opt;remove_customer;add_customer;remove_hotel;add_hotel;],95,5,400,0.5,-1.0,-0.5,0.5,13,rand_test_5,20230103:18:31:30
algorithm,Constant-Weights(Gamma-1:3;Gamma-2:3;Gamma-3:3),0.4,100,[trip_2_opt;remove_customer;add_customer;remove_hotel;add_hotel;],50,5,400,0.5,-1.0,-0.5,0.5,13,rand_test_5,20230103:18:37:49
algorithm,Constant-Weights(Gamma-1:3;Gamma-2:3;Gamma-3:3),0.4,100,[trip_2_opt;remove_customer;add_customer;remove_hotel;add_hotel;],81,5,400,0.5,-1.0,-0.5,0.5,13,rand_test_5,20230103:18:44:04
algorithm,Constant-Weights(Gamma-1:3;Gamma-2:3;Gamma-3:3),0.4,100,[trip_2_opt;remove_customer;add_customer;remove_hotel;add_hotel;],95,5,400,0.5,-1.0,-0.5,0.5,13,rand_test_5,20230103:18:50:22
algorithm,Constant-Weights(Gamma-1:3;Gamma-2:3;Gamma-3:3),0.9,100,[trip_2_opt;remove_customer;add_customer;remove_hotel;add_hotel;],50,5,400,0.5,-1.0,-0.5,0.5,13,rand_test_5,20230103:18:56:38
algorithm,Constant-Weights(Gamma-1:3;Gamma-2:3;Gamma-3:3),0.9,100,[trip_2_opt;remove_customer;add_customer;remove_hotel;add_hotel;],81,5,400,0.5,-1.0,-0.5,0.5,13,rand_test_5,20230103:19:02:51
algorithm,Constant-Weights(Gamma-1:3;Gamma-2:3;Gamma-3:3),0.9,100,[trip_2_opt;remove_customer;add_customer;remove_hotel;add_hotel;],95,5,400,0.5,-1.0,-0.5,0.5,13,rand_test_5,20230103:19:09:05
algorithm,Constant-Weights(Gamma-1:3;Gamma-2:3;Gamma-3:3),0.05,100,[trip_2_opt;remove_customer;add_customer;remove_hotel;add_hotel;],50,5,400,0.5,-1.0,-0.5,0.5,14,rand_test_4,20230103:19:15:21
algorithm,Constant-Weights(Gamma-1:3;Gamma-2:3;Gamma-3:3),0.05,100,[trip_2_opt;remove_customer;add_customer;remove_hotel;add_hotel;],81,5,400,0.5,-1.0,-0.5,0.5,14,rand_test_4,20230103:19:21:36
algorithm,Constant-Weights(Gamma-1:3;Gamma-2:3;Gamma-3:3),0.05,100,[trip_2_opt;remove_customer;add_customer;remove_hotel;add_hotel;],95,5,400,0.5,-1.0,-0.5,0.5,14,rand_test_4,20230103:19:27:53
algorithm,Constant-Weights(Gamma-1:3;Gamma-2:3;Gamma-3:3),0.1,100,[trip_2_opt;remove_customer;add_customer;remove_hotel;add_hotel;],50,5,400,0.5,-1.0,-0.5,0.5,14,rand_test_4,20230103:19:34:12
algorithm,Constant-Weights(Gamma-1:3;Gamma-2:3;Gamma-3:3),0.1,100,[trip_2_opt;remove_customer;add_customer;remove_hotel;add_hotel;],81,5,400,0.5,-1.0,-0.5,0.5,14,rand_test_4,20230103:19:40:32
algorithm,Constant-Weights(Gamma-1:3;Gamma-2:3;Gamma-3:3),0.1,100,[trip_2_opt;remove_customer;add_customer;remove_hotel;add_hotel;],95,5,400,0.5,-1.0,-0.5,0.5,14,rand_test_4,20230103:19:46:52
algorithm,Constant-Weights(Gamma-1:3;Gamma-2:3;Gamma-3:3),0.2,100,[trip_2_opt;remove_customer;add_customer;remove_hotel;add_hotel;],27,5,400,0.5,-1.0,-0.5,0.5,14,rand_test_4,20230103:19:53:12
algorithm,Constant-Weights(Gamma-1:3;Gamma-2:3;Gamma-3:3),0.2,100,[trip_2_opt;remove_customer;add_customer;remove_hotel;add_hotel;],50,5,400,0.5,-1.0,-0.5,0.5,14,rand_test_4,20230103:19:59:27
algorithm,Constant-Weights(Gamma-1:3;Gamma-2:3;Gamma-3:3),0.2,100,[trip_2_opt;remove_customer;add_customer;remove_hotel;add_hotel;],81,5,400,0.5,-1.0,-0.5,0.5,14,rand_test_4,20230103:20:05:45
algorithm,Constant-Weights(Gamma-1:3;Gamma-2:3;Gamma-3:3),0.2,100,[trip_2_opt;remove_customer;add_customer;remove_hotel;add_hotel;],95,5,400,0.5,-1.0,-0.5,0.5,14,rand_test_4,20230103:20:12:05
algorithm,Constant-Weights(Gamma-1:3;Gamma-2:3;Gamma-3:3),0.4,100,[trip_2_opt;remove_customer;add_customer;remove_hotel;add_hotel;],50,5,400,0.5,-1.0,-0.5,0.5,14,rand_test_4,20230103:20:18:28
algorithm,Constant-Weights(Gamma-1:3;Gamma-2:3;Gamma-3:3),0.4,100,[trip_2_opt;remove_customer;add_customer;remove_hotel;add_hotel;],81,5,400,0.5,-1.0,-0.5,0.5,14,rand_test_4,20230103:20:24:49
algorithm,Constant-Weights(Gamma-1:3;Gamma-2:3;Gamma-3:3),0.4,100,[trip_2_opt;remove_customer;add_customer;remove_hotel;add_hotel;],95,5,400,0.5,-1.0,-0.5,0.5,14,rand_test_4,20230103:20:31:05
algorithm,Constant-Weights(Gamma-1:3;Gamma-2:3;Gamma-3:3),0.9,100,[trip_2_opt;remove_customer;add_customer;remove_hotel;add_hotel;],50,5,400,0.5,-1.0,-0.5,0.5,14,rand_test_4,20230103:20:37:21
algorithm,Constant-Weights(Gamma-1:3;Gamma-2:3;Gamma-3:3),0.9,100,[trip_2_opt;remove_customer;add_customer;remove_hotel;add_hotel;],81,5,400,0.5,-1.0,-0.5,0.5,14,rand_test_4,20230103:20:43:39
algorithm,Constant-Weights(Gamma-1:3;Gamma-2:3;Gamma-3:3),0.9,100,[trip_2_opt;remove_customer;add_customer;remove_hotel;add_hotel;],95,5,400,0.5,-1.0,-0.5,0.5,14,rand_test_4,20230103:20:50:02
algorithm,Constant-Weights(Gamma-1:3;Gamma-2:3;Gamma-3:3),0.05,100,[trip_2_opt;remove_customer;add_customer;remove_hotel;add_hotel;],50,5,400,0.5,-1.0,-0.5,0.5,15,rand_test_9,20230103:20:56:28
algorithm,Constant-Weights(Gamma-1:3;Gamma-2:3;Gamma-3:3),0.05,100,[trip_2_opt;remove_customer;add_customer;remove_hotel;add_hotel;],81,5,400,0.5,-1.0,-0.5,0.5,15,rand_test_9,20230103:21:02:55
algorithm,Constant-Weights(Gamma-1:3;Gamma-2:3;Gamma-3:3),0.05,100,[trip_2_opt;remove_customer;add_customer;remove_hotel;add_hotel;],95,5,400,0.5,-1.0,-0.5,0.5,15,rand_test_9,20230103:21:09:20
algorithm,Constant-Weights(Gamma-1:3;Gamma-2:3;Gamma-3:3),0.1,100,[trip_2_opt;remove_customer;add_customer;remove_hotel;add_hotel;],50,5,400,0.5,-1.0,-0.5,0.5,15,rand_test_9,20230103:21:15:49
algorithm,Constant-Weights(Gamma-1:3;Gamma-2:3;Gamma-3:3),0.1,100,[trip_2_opt;remove_customer;add_customer;remove_hotel;add_hotel;],81,5,400,0.5,-1.0,-0.5,0.5,15,rand_test_9,20230103:21:22:06
algorithm,Constant-Weights(Gamma-1:3;Gamma-2:3;Gamma-3:3),0.1,100,[trip_2_opt;remove_customer;add_customer;remove_hotel;add_hotel;],95,5,400,0.5,-1.0,-0.5,0.5,15,rand_test_9,20230103:21:28:27
algorithm,Constant-Weights(Gamma-1:3;Gamma-2:3;Gamma-3:3),0.2,100,[trip_2_opt;remove_customer;add_customer;remove_hotel;add_hotel;],27,5,400,0.5,-1.0,-0.5,0.5,15,rand_test_9,20230103:21:34:44
algorithm,Constant-Weights(Gamma-1:3;Gamma-2:3;Gamma-3:3),0.2,100,[trip_2_opt;remove_customer;add_customer;remove_hotel;add_hotel;],50,5,400,0.5,-1.0,-0.5,0.5,15,rand_test_9,20230103:21:40:53
algorithm,Constant-Weights(Gamma-1:3;Gamma-2:3;Gamma-3:3),0.2,100,[trip_2_opt;remove_customer;add_customer;remove_hotel;add_hotel;],81,5,400,0.5,-1.0,-0.5,0.5,15,rand_test_9,20230103:21:47:11
algorithm,Constant-Weights(Gamma-1:3;Gamma-2:3;Gamma-3:3),0.2,100,[trip_2_opt;remove_customer;add_customer;remove_hotel;add_hotel;],95,5,400,0.5,-1.0,-0.5,0.5,15,rand_test_9,20230103:21:53:29
algorithm,Constant-Weights(Gamma-1:3;Gamma-2:3;Gamma-3:3),0.4,100,[trip_2_opt;remove_customer;add_customer;remove_hotel;add_hotel;],50,5,400,0.5,-1.0,-0.5,0.5,15,rand_test_9,20230103:21:59:51
algorithm,Constant-Weights(Gamma-1:3;Gamma-2:3;Gamma-3:3),0.4,100,[trip_2_opt;remove_customer;add_customer;remove_hotel;add_hotel;],81,5,400,0.5,-1.0,-0.5,0.5,15,rand_test_9,20230103:22:06:08
algorithm,Constant-Weights(Gamma-1:3;Gamma-2:3;Gamma-3:3),0.4,100,[trip_2_opt;remove_customer;add_customer;remove_hotel;add_hotel;],95,5,400,0.5,-1.0,-0.5,0.5,15,rand_test_9,20230103:22:12:26
algorithm,Constant-Weights(Gamma-1:3;Gamma-2:3;Gamma-3:3),0.9,100,[trip_2_opt;remove_customer;add_customer;remove_hotel;add_hotel;],50,5,400,0.5,-1.0,-0.5,0.5,15,rand_test_9,20230103:22:18:38
algorithm,Constant-Weights(Gamma-1:3;Gamma-2:3;Gamma-3:3),0.9,100,[trip_2_opt;remove_customer;add_customer;remove_hotel;add_hotel;],81,5,400,0.5,-1.0,-0.5,0.5,15,rand_test_9,20230103:22:24:57
algorithm,Constant-Weights(Gamma-1:3;Gamma-2:3;Gamma-3:3),0.9,100,[trip_2_opt;remove_customer;add_customer;remove_hotel;add_hotel;],95,5,400,0.5,-1.0,-0.5,0.5,15,rand_test_9,20230103:22:31:13
algorithm,Constant-Weights(Gamma-1:3;Gamma-2:3;Gamma-3:3),0.05,100,[trip_2_opt;remove_customer;add_customer;remove_hotel;add_hotel;],50,5,400,0.5,-1.0,-0.5,0.5,16,rand_test_12,20230103:22:37:34
algorithm,Constant-Weights(Gamma-1:3;Gamma-2:3;Gamma-3:3),0.05,100,[trip_2_opt;remove_customer;add_customer;remove_hotel;add_hotel;],81,5,400,0.5,-1.0,-0.5,0.5,16,rand_test_12,20230103:22:43:52
algorithm,Constant-Weights(Gamma-1:3;Gamma-2:3;Gamma-3:3),0.05,100,[trip_2_opt;remove_customer;add_customer;remove_hotel;add_hotel;],95,5,400,0.5,-1.0,-0.5,0.5,16,rand_test_12,20230103:22:50:14
algorithm,Constant-Weights(Gamma-1:3;Gamma-2:3;Gamma-3:3),0.1,100,[trip_2_opt;remove_customer;add_customer;remove_hotel;add_hotel;],50,5,400,0.5,-1.0,-0.5,0.5,16,rand_test_12,20230103:22:56:35
algorithm,Constant-Weights(Gamma-1:3;Gamma-2:3;Gamma-3:3),0.1,100,[trip_2_opt;remove_customer;add_customer;remove_hotel;add_hotel;],81,5,400,0.5,-1.0,-0.5,0.5,16,rand_test_12,20230103:23:02:51
algorithm,Constant-Weights(Gamma-1:3;Gamma-2:3;Gamma-3:3),0.1,100,[trip_2_opt;remove_customer;add_customer;remove_hotel;add_hotel;],95,5,400,0.5,-1.0,-0.5,0.5,16,rand_test_12,20230103:23:09:13
algorithm,Constant-Weights(Gamma-1:3;Gamma-2:3;Gamma-3:3),0.2,100,[trip_2_opt;remove_customer;add_customer;remove_hotel;add_hotel;],27,5,400,0.5,-1.0,-0.5,0.5,16,rand_test_12,20230103:23:15:33
algorithm,Constant-Weights(Gamma-1:3;Gamma-2:3;Gamma-3:3),0.2,100,[trip_2_opt;remove_customer;add_customer;remove_hotel;add_hotel;],50,5,400,0.5,-1.0,-0.5,0.5,16,rand_test_12,20230103:23:21:40
algorithm,Constant-Weights(Gamma-1:3;Gamma-2:3;Gamma-3:3),0.2,100,[trip_2_opt;remove_customer;add_customer;remove_hotel;add_hotel;],81,5,400,0.5,-1.0,-0.5,0.5,16,rand_test_12,20230103:23:27:48
algorithm,Constant-Weights(Gamma-1:3;Gamma-2:3;Gamma-3:3),0.2,100,[trip_2_opt;remove_customer;add_customer;remove_hotel;add_hotel;],95,5,400,0.5,-1.0,-0.5,0.5,16,rand_test_12,20230103:23:34:09
algorithm,Constant-Weights(Gamma-1:3;Gamma-2:3;Gamma-3:3),0.4,100,[trip_2_opt;remove_customer;add_customer;remove_hotel;add_hotel;],50,5,400,0.5,-1.0,-0.5,0.5,16,rand_test_12,20230103:23:40:29
algorithm,Constant-Weights(Gamma-1:3;Gamma-2:3;Gamma-3:3),0.4,100,[trip_2_opt;remove_customer;add_customer;remove_hotel;add_hotel;],81,5,400,0.5,-1.0,-0.5,0.5,16,rand_test_12,20230103:23:46:47
algorithm,Constant-Weights(Gamma-1:3;Gamma-2:3;Gamma-3:3),0.4,100,[trip_2_opt;remove_customer;add_customer;remove_hotel;add_hotel;],95,5,400,0.5,-1.0,-0.5,0.5,16,rand_test_12,20230103:23:53:07
algorithm,Constant-Weights(Gamma-1:3;Gamma-2:3;Gamma-3:3),0.9,100,[trip_2_opt;remove_customer;add_customer;remove_hotel;add_hotel;],50,5,400,0.5,-1.0,-0.5,0.5,16,rand_test_12,20230103:23:59:27
algorithm,Constant-Weights(Gamma-1:3;Gamma-2:3;Gamma-3:3),0.9,100,[trip_2_opt;remove_customer;add_customer;remove_hotel;add_hotel;],81,5,400,0.5,-1.0,-0.5,0.5,16,rand_test_12,20230104:00:05:43
algorithm,Constant-Weights(Gamma-1:3;Gamma-2:3;Gamma-3:3),0.9,100,[trip_2_opt;remove_customer;add_customer;remove_hotel;add_hotel;],95,5,400,0.5,-1.0,-0.5,0.5,16,rand_test_12,20230104:00:12:08
algorithm,Constant-Weights(Gamma-1:3;Gamma-2:3;Gamma-3:3),0.05,100,[trip_2_opt;remove_customer;add_customer;remove_hotel;add_hotel;],50,5,400,0.5,-1.0,-0.5,0.5,17,rand_test_17,20230104:00:18:59
algorithm,Constant-Weights(Gamma-1:3;Gamma-2:3;Gamma-3:3),0.05,100,[trip_2_opt;remove_customer;add_customer;remove_hotel;add_hotel;],81,5,400,0.5,-1.0,-0.5,0.5,17,rand_test_17,20230104:00:25:15
algorithm,Constant-Weights(Gamma-1:3;Gamma-2:3;Gamma-3:3),0.05,100,[trip_2_opt;remove_customer;add_customer;remove_hotel;add_hotel;],95,5,400,0.5,-1.0,-0.5,0.5,17,rand_test_17,20230104:00:31:29
algorithm,Constant-Weights(Gamma-1:3;Gamma-2:3;Gamma-3:3),0.1,100,[trip_2_opt;remove_customer;add_customer;remove_hotel;add_hotel;],50,5,400,0.5,-1.0,-0.5,0.5,17,rand_test_17,20230104:00:37:48
algorithm,Constant-Weights(Gamma-1:3;Gamma-2:3;Gamma-3:3),0.1,100,[trip_2_opt;remove_customer;add_customer;remove_hotel;add_hotel;],81,5,400,0.5,-1.0,-0.5,0.5,17,rand_test_17,20230104:00:43:59
algorithm,Constant-Weights(Gamma-1:3;Gamma-2:3;Gamma-3:3),0.1,100,[trip_2_opt;remove_customer;add_customer;remove_hotel;add_hotel;],95,5,400,0.5,-1.0,-0.5,0.5,17,rand_test_17,20230104:00:50:18
algorithm,Constant-Weights(Gamma-1:3;Gamma-2:3;Gamma-3:3),0.2,100,[trip_2_opt;remove_customer;add_customer;remove_hotel;add_hotel;],27,5,400,0.5,-1.0,-0.5,0.5,17,rand_test_17,20230104:00:56:31
algorithm,Constant-Weights(Gamma-1:3;Gamma-2:3;Gamma-3:3),0.2,100,[trip_2_opt;remove_customer;add_customer;remove_hotel;add_hotel;],50,5,400,0.5,-1.0,-0.5,0.5,17,rand_test_17,20230104:01:02:40
algorithm,Constant-Weights(Gamma-1:3;Gamma-2:3;Gamma-3:3),0.2,100,[trip_2_opt;remove_customer;add_customer;remove_hotel;add_hotel;],81,5,400,0.5,-1.0,-0.5,0.5,17,rand_test_17,20230104:01:08:53
algorithm,Constant-Weights(Gamma-1:3;Gamma-2:3;Gamma-3:3),0.2,100,[trip_2_opt;remove_customer;add_customer;remove_hotel;add_hotel;],95,5,400,0.5,-1.0,-0.5,0.5,17,rand_test_17,20230104:01:15:07
algorithm,Constant-Weights(Gamma-1:3;Gamma-2:3;Gamma-3:3),0.4,100,[trip_2_opt;remove_customer;add_customer;remove_hotel;add_hotel;],50,5,400,0.5,-1.0,-0.5,0.5,17,rand_test_17,20230104:01:21:25
algorithm,Constant-Weights(Gamma-1:3;Gamma-2:3;Gamma-3:3),0.4,100,[trip_2_opt;remove_customer;add_customer;remove_hotel;add_hotel;],81,5,400,0.5,-1.0,-0.5,0.5,17,rand_test_17,20230104:01:27:36
algorithm,Constant-Weights(Gamma-1:3;Gamma-2:3;Gamma-3:3),0.4,100,[trip_2_opt;remove_customer;add_customer;remove_hotel;add_hotel;],95,5,400,0.5,-1.0,-0.5,0.5,17,rand_test_17,20230104:01:33:48
algorithm,Constant-Weights(Gamma-1:3;Gamma-2:3;Gamma-3:3),0.9,100,[trip_2_opt;remove_customer;add_customer;remove_hotel;add_hotel;],50,5,400,0.5,-1.0,-0.5,0.5,17,rand_test_17,20230104:01:40:03
algorithm,Constant-Weights(Gamma-1:3;Gamma-2:3;Gamma-3:3),0.9,100,[trip_2_opt;remove_customer;add_customer;remove_hotel;add_hotel;],81,5,400,0.5,-1.0,-0.5,0.5,17,rand_test_17,20230104:01:46:11
algorithm,Constant-Weights(Gamma-1:3;Gamma-2:3;Gamma-3:3),0.9,100,[trip_2_opt;remove_customer;add_customer;remove_hotel;add_hotel;],95,5,400,0.5,-1.0,-0.5,0.5,17,rand_test_17,20230104:01:52:21
algorithm,Constant-Weights(Gamma-1:3;Gamma-2:3;Gamma-3:3),0.05,100,[trip_2_opt;remove_customer;add_customer;remove_hotel;add_hotel;],50,5,400,0.5,-1.0,-0.5,0.5,18,rand_test_19,20230104:01:58:36
algorithm,Constant-Weights(Gamma-1:3;Gamma-2:3;Gamma-3:3),0.05,100,[trip_2_opt;remove_customer;add_customer;remove_hotel;add_hotel;],81,5,400,0.5,-1.0,-0.5,0.5,18,rand_test_19,20230104:02:05:00
algorithm,Constant-Weights(Gamma-1:3;Gamma-2:3;Gamma-3:3),0.05,100,[trip_2_opt;remove_customer;add_customer;remove_hotel;add_hotel;],95,5,400,0.5,-1.0,-0.5,0.5,18,rand_test_19,20230104:02:11:30
algorithm,Constant-Weights(Gamma-1:3;Gamma-2:3;Gamma-3:3),0.1,100,[trip_2_opt;remove_customer;add_customer;remove_hotel;add_hotel;],50,5,400,0.5,-1.0,-0.5,0.5,18,rand_test_19,20230104:02:17:59
algorithm,Constant-Weights(Gamma-1:3;Gamma-2:3;Gamma-3:3),0.1,100,[trip_2_opt;remove_customer;add_customer;remove_hotel;add_hotel;],81,5,400,0.5,-1.0,-0.5,0.5,18,rand_test_19,20230104:02:24:23
algorithm,Constant-Weights(Gamma-1:3;Gamma-2:3;Gamma-3:3),0.1,100,[trip_2_opt;remove_customer;add_customer;remove_hotel;add_hotel;],95,5,400,0.5,-1.0,-0.5,0.5,18,rand_test_19,20230104:02:31:51
algorithm,Constant-Weights(Gamma-1:3;Gamma-2:3;Gamma-3:3),0.2,100,[trip_2_opt;remove_customer;add_customer;remove_hotel;add_hotel;],27,5,400,0.5,-1.0,-0.5,0.5,18,rand_test_19,20230104:02:38:21
algorithm,Constant-Weights(Gamma-1:3;Gamma-2:3;Gamma-3:3),0.2,100,[trip_2_opt;remove_customer;add_customer;remove_hotel;add_hotel;],50,5,400,0.5,-1.0,-0.5,0.5,18,rand_test_19,20230104:02:44:52
algorithm,Constant-Weights(Gamma-1:3;Gamma-2:3;Gamma-3:3),0.2,100,[trip_2_opt;remove_customer;add_customer;remove_hotel;add_hotel;],81,5,400,0.5,-1.0,-0.5,0.5,18,rand_test_19,20230104:02:51:21
algorithm,Constant-Weights(Gamma-1:3;Gamma-2:3;Gamma-3:3),0.2,100,[trip_2_opt;remove_customer;add_customer;remove_hotel;add_hotel;],95,5,400,0.5,-1.0,-0.5,0.5,18,rand_test_19,20230104:02:57:51
algorithm,Constant-Weights(Gamma-1:3;Gamma-2:3;Gamma-3:3),0.4,100,[trip_2_opt;remove_customer;add_customer;remove_hotel;add_hotel;],50,5,400,0.5,-1.0,-0.5,0.5,18,rand_test_19,20230104:03:04:15
algorithm,Constant-Weights(Gamma-1:3;Gamma-2:3;Gamma-3:3),0.4,100,[trip_2_opt;remove_customer;add_customer;remove_hotel;add_hotel;],81,5,400,0.5,-1.0,-0.5,0.5,18,rand_test_19,20230104:03:10:35
algorithm,Constant-Weights(Gamma-1:3;Gamma-2:3;Gamma-3:3),0.4,100,[trip_2_opt;remove_customer;add_customer;remove_hotel;add_hotel;],95,5,400,0.5,-1.0,-0.5,0.5,18,rand_test_19,20230104:03:17:05
algorithm,Constant-Weights(Gamma-1:3;Gamma-2:3;Gamma-3:3),0.9,100,[trip_2_opt;remove_customer;add_customer;remove_hotel;add_hotel;],50,5,400,0.5,-1.0,-0.5,0.5,18,rand_test_19,20230104:03:23:26
algorithm,Constant-Weights(Gamma-1:3;Gamma-2:3;Gamma-3:3),0.9,100,[trip_2_opt;remove_customer;add_customer;remove_hotel;add_hotel;],81,5,400,0.5,-1.0,-0.5,0.5,18,rand_test_19,20230104:03:29:55
algorithm,Constant-Weights(Gamma-1:3;Gamma-2:3;Gamma-3:3),0.9,100,[trip_2_opt;remove_customer;add_customer;remove_hotel;add_hotel;],95,5,400,0.5,-1.0,-0.5,0.5,18,rand_test_19,20230104:03:36:29
algorithm,Constant-Weights(Gamma-1:3;Gamma-2:3;Gamma-3:3),0.05,100,[trip_2_opt;remove_customer;add_customer;remove_hotel;add_hotel;],50,5,400,0.5,-1.0,-0.5,0.5,19,rand_test_5,20230104:03:43:02
algorithm,Constant-Weights(Gamma-1:3;Gamma-2:3;Gamma-3:3),0.05,100,[trip_2_opt;remove_customer;add_customer;remove_hotel;add_hotel;],81,5,400,0.5,-1.0,-0.5,0.5,19,rand_test_5,20230104:03:49:12
algorithm,Constant-Weights(Gamma-1:3;Gamma-2:3;Gamma-3:3),0.05,100,[trip_2_opt;remove_customer;add_customer;remove_hotel;add_hotel;],95,5,400,0.5,-1.0,-0.5,0.5,19,rand_test_5,20230104:03:55:33
algorithm,Constant-Weights(Gamma-1:3;Gamma-2:3;Gamma-3:3),0.1,100,[trip_2_opt;remove_customer;add_customer;remove_hotel;add_hotel;],50,5,400,0.5,-1.0,-0.5,0.5,19,rand_test_5,20230104:04:01:53
algorithm,Constant-Weights(Gamma-1:3;Gamma-2:3;Gamma-3:3),0.1,100,[trip_2_opt;remove_customer;add_customer;remove_hotel;add_hotel;],81,5,400,0.5,-1.0,-0.5,0.5,19,rand_test_5,20230104:04:08:15
algorithm,Constant-Weights(Gamma-1:3;Gamma-2:3;Gamma-3:3),0.1,100,[trip_2_opt;remove_customer;add_customer;remove_hotel;add_hotel;],95,5,400,0.5,-1.0,-0.5,0.5,19,rand_test_5,20230104:04:14:28
algorithm,Constant-Weights(Gamma-1:3;Gamma-2:3;Gamma-3:3),0.2,100,[trip_2_opt;remove_customer;add_customer;remove_hotel;add_hotel;],27,5,400,0.5,-1.0,-0.5,0.5,19,rand_test_5,20230104:04:20:45
algorithm,Constant-Weights(Gamma-1:3;Gamma-2:3;Gamma-3:3),0.2,100,[trip_2_opt;remove_customer;add_customer;remove_hotel;add_hotel;],50,5,400,0.5,-1.0,-0.5,0.5,19,rand_test_5,20230104:04:26:57
algorithm,Constant-Weights(Gamma-1:3;Gamma-2:3;Gamma-3:3),0.2,100,[trip_2_opt;remove_customer;add_customer;remove_hotel;add_hotel;],81,5,400,0.5,-1.0,-0.5,0.5,19,rand_test_5,20230104:04:33:12
algorithm,Constant-Weights(Gamma-1:3;Gamma-2:3;Gamma-3:3),0.2,100,[trip_2_opt;remove_customer;add_customer;remove_hotel;add_hotel;],95,5,400,0.5,-1.0,-0.5,0.5,19,rand_test_5,20230104:04:39:22
algorithm,Constant-Weights(Gamma-1:3;Gamma-2:3;Gamma-3:3),0.4,100,[trip_2_opt;remove_customer;add_customer;remove_hotel;add_hotel;],50,5,400,0.5,-1.0,-0.5,0.5,19,rand_test_5,20230104:04:45:39
algorithm,Constant-Weights(Gamma-1:3;Gamma-2:3;Gamma-3:3),0.4,100,[trip_2_opt;remove_customer;add_customer;remove_hotel;add_hotel;],81,5,400,0.5,-1.0,-0.5,0.5,19,rand_test_5,20230104:04:51:50
algorithm,Constant-Weights(Gamma-1:3;Gamma-2:3;Gamma-3:3),0.4,100,[trip_2_opt;remove_customer;add_customer;remove_hotel;add_hotel;],95,5,400,0.5,-1.0,-0.5,0.5,19,rand_test_5,20230104:04:58:01
algorithm,Constant-Weights(Gamma-1:3;Gamma-2:3;Gamma-3:3),0.9,100,[trip_2_opt;remove_customer;add_customer;remove_hotel;add_hotel;],50,5,400,0.5,-1.0,-0.5,0.5,19,rand_test_5,20230104:05:04:19
algorithm,Constant-Weights(Gamma-1:3;Gamma-2:3;Gamma-3:3),0.9,100,[trip_2_opt;remove_customer;add_customer;remove_hotel;add_hotel;],81,5,400,0.5,-1.0,-0.5,0.5,19,rand_test_5,20230104:05:10:35
algorithm,Constant-Weights(Gamma-1:3;Gamma-2:3;Gamma-3:3),0.9,100,[trip_2_opt;remove_customer;add_customer;remove_hotel;add_hotel;],95,5,400,0.5,-1.0,-0.5,0.5,19,rand_test_5,20230104:05:16:56
algorithm,Constant-Weights(Gamma-1:3;Gamma-2:3;Gamma-3:3),0.05,100,[trip_2_opt;remove_customer;add_customer;remove_hotel;add_hotel;],50,5,400,0.5,-1.0,-0.5,0.5,20,rand_test_5,20230104:05:23:11
algorithm,Constant-Weights(Gamma-1:3;Gamma-2:3;Gamma-3:3),0.05,100,[trip_2_opt;remove_customer;add_customer;remove_hotel;add_hotel;],81,5,400,0.5,-1.0,-0.5,0.5,20,rand_test_5,20230104:05:29:25
algorithm,Constant-Weights(Gamma-1:3;Gamma-2:3;Gamma-3:3),0.05,100,[trip_2_opt;remove_customer;add_customer;remove_hotel;add_hotel;],95,5,400,0.5,-1.0,-0.5,0.5,20,rand_test_5,20230104:05:35:42
algorithm,Constant-Weights(Gamma-1:3;Gamma-2:3;Gamma-3:3),0.1,100,[trip_2_opt;remove_customer;add_customer;remove_hotel;add_hotel;],50,5,400,0.5,-1.0,-0.5,0.5,20,rand_test_5,20230104:05:42:02
algorithm,Constant-Weights(Gamma-1:3;Gamma-2:3;Gamma-3:3),0.1,100,[trip_2_opt;remove_customer;add_customer;remove_hotel;add_hotel;],81,5,400,0.5,-1.0,-0.5,0.5,20,rand_test_5,20230104:05:48:19
algorithm,Constant-Weights(Gamma-1:3;Gamma-2:3;Gamma-3:3),0.1,100,[trip_2_opt;remove_customer;add_customer;remove_hotel;add_hotel;],95,5,400,0.5,-1.0,-0.5,0.5,20,rand_test_5,20230104:05:54:39
algorithm,Constant-Weights(Gamma-1:3;Gamma-2:3;Gamma-3:3),0.2,100,[trip_2_opt;remove_customer;add_customer;remove_hotel;add_hotel;],27,5,400,0.5,-1.0,-0.5,0.5,20,rand_test_5,20230104:06:00:58
algorithm,Constant-Weights(Gamma-1:3;Gamma-2:3;Gamma-3:3),0.2,100,[trip_2_opt;remove_customer;add_customer;remove_hotel;add_hotel;],50,5,400,0.5,-1.0,-0.5,0.5,20,rand_test_5,20230104:06:07:05
algorithm,Constant-Weights(Gamma-1:3;Gamma-2:3;Gamma-3:3),0.2,100,[trip_2_opt;remove_customer;add_customer;remove_hotel;add_hotel;],81,5,400,0.5,-1.0,-0.5,0.5,20,rand_test_5,20230104:06:13:22
algorithm,Constant-Weights(Gamma-1:3;Gamma-2:3;Gamma-3:3),0.2,100,[trip_2_opt;remove_customer;add_customer;remove_hotel;add_hotel;],95,5,400,0.5,-1.0,-0.5,0.5,20,rand_test_5,20230104:06:19:39
algorithm,Constant-Weights(Gamma-1:3;Gamma-2:3;Gamma-3:3),0.4,100,[trip_2_opt;remove_customer;add_customer;remove_hotel;add_hotel;],50,5,400,0.5,-1.0,-0.5,0.5,20,rand_test_5,20230104:06:25:53
algorithm,Constant-Weights(Gamma-1:3;Gamma-2:3;Gamma-3:3),0.4,100,[trip_2_opt;remove_customer;add_customer;remove_hotel;add_hotel;],81,5,400,0.5,-1.0,-0.5,0.5,20,rand_test_5,20230104:06:32:01
algorithm,Constant-Weights(Gamma-1:3;Gamma-2:3;Gamma-3:3),0.4,100,[trip_2_opt;remove_customer;add_customer;remove_hotel;add_hotel;],95,5,400,0.5,-1.0,-0.5,0.5,20,rand_test_5,20230104:06:38:16
algorithm,Constant-Weights(Gamma-1:3;Gamma-2:3;Gamma-3:3),0.9,100,[trip_2_opt;remove_customer;add_customer;remove_hotel;add_hotel;],50,5,400,0.5,-1.0,-0.5,0.5,20,rand_test_5,20230104:06:44:32
algorithm,Constant-Weights(Gamma-1:3;Gamma-2:3;Gamma-3:3),0.9,100,[trip_2_opt;remove_customer;add_customer;remove_hotel;add_hotel;],81,5,400,0.5,-1.0,-0.5,0.5,20,rand_test_5,20230104:06:50:45
algorithm,Constant-Weights(Gamma-1:3;Gamma-2:3;Gamma-3:3),0.9,100,[trip_2_opt;remove_customer;add_customer;remove_hotel;add_hotel;],95,5,400,0.5,-1.0,-0.5,0.5,20,rand_test_5,20230104:06:57:00
algorithm,Constant-Weights(Gamma-1:3;Gamma-2:3;Gamma-3:3),0.05,100,[trip_2_opt;remove_customer;add_customer;remove_hotel;add_hotel;],50,5,400,0.5,-1.0,-0.5,0.5,21,rand_test_13,20230104:07:03:20
algorithm,Constant-Weights(Gamma-1:3;Gamma-2:3;Gamma-3:3),0.05,100,[trip_2_opt;remove_customer;add_customer;remove_hotel;add_hotel;],81,5,400,0.5,-1.0,-0.5,0.5,21,rand_test_13,20230104:07:09:52
algorithm,Constant-Weights(Gamma-1:3;Gamma-2:3;Gamma-3:3),0.05,100,[trip_2_opt;remove_customer;add_customer;remove_hotel;add_hotel;],95,5,400,0.5,-1.0,-0.5,0.5,21,rand_test_13,20230104:07:16:26
algorithm,Constant-Weights(Gamma-1:3;Gamma-2:3;Gamma-3:3),0.1,100,[trip_2_opt;remove_customer;add_customer;remove_hotel;add_hotel;],50,5,400,0.5,-1.0,-0.5,0.5,21,rand_test_13,20230104:07:23:10
algorithm,Constant-Weights(Gamma-1:3;Gamma-2:3;Gamma-3:3),0.1,100,[trip_2_opt;remove_customer;add_customer;remove_hotel;add_hotel;],81,5,400,0.5,-1.0,-0.5,0.5,21,rand_test_13,20230104:07:29:46
algorithm,Constant-Weights(Gamma-1:3;Gamma-2:3;Gamma-3:3),0.1,100,[trip_2_opt;remove_customer;add_customer;remove_hotel;add_hotel;],95,5,400,0.5,-1.0,-0.5,0.5,21,rand_test_13,20230104:07:36:16
algorithm,Constant-Weights(Gamma-1:3;Gamma-2:3;Gamma-3:3),0.2,100,[trip_2_opt;remove_customer;add_customer;remove_hotel;add_hotel;],27,5,400,0.5,-1.0,-0.5,0.5,21,rand_test_13,20230104:07:42:52
algorithm,Constant-Weights(Gamma-1:3;Gamma-2:3;Gamma-3:3),0.2,100,[trip_2_opt;remove_customer;add_customer;remove_hotel;add_hotel;],50,5,400,0.5,-1.0,-0.5,0.5,21,rand_test_13,20230104:07:49:20
algorithm,Constant-Weights(Gamma-1:3;Gamma-2:3;Gamma-3:3),0.2,100,[trip_2_opt;remove_customer;add_customer;remove_hotel;add_hotel;],81,5,400,0.5,-1.0,-0.5,0.5,21,rand_test_13,20230104:07:55:50
algorithm,Constant-Weights(Gamma-1:3;Gamma-2:3;Gamma-3:3),0.2,100,[trip_2_opt;remove_customer;add_customer;remove_hotel;add_hotel;],95,5,400,0.5,-1.0,-0.5,0.5,21,rand_test_13,20230104:08:02:18
algorithm,Constant-Weights(Gamma-1:3;Gamma-2:3;Gamma-3:3),0.4,100,[trip_2_opt;remove_customer;add_customer;remove_hotel;add_hotel;],50,5,400,0.5,-1.0,-0.5,0.5,21,rand_test_13,20230104:08:09:02
algorithm,Constant-Weights(Gamma-1:3;Gamma-2:3;Gamma-3:3),0.4,100,[trip_2_opt;remove_customer;add_customer;remove_hotel;add_hotel;],81,5,400,0.5,-1.0,-0.5,0.5,21,rand_test_13,20230104:08:15:27
algorithm,Constant-Weights(Gamma-1:3;Gamma-2:3;Gamma-3:3),0.4,100,[trip_2_opt;remove_customer;add_customer;remove_hotel;add_hotel;],95,5,400,0.5,-1.0,-0.5,0.5,21,rand_test_13,20230104:08:22:01
algorithm,Constant-Weights(Gamma-1:3;Gamma-2:3;Gamma-3:3),0.9,100,[trip_2_opt;remove_customer;add_customer;remove_hotel;add_hotel;],50,5,400,0.5,-1.0,-0.5,0.5,21,rand_test_13,20230104:08:28:30
algorithm,Constant-Weights(Gamma-1:3;Gamma-2:3;Gamma-3:3),0.9,100,[trip_2_opt;remove_customer;add_customer;remove_hotel;add_hotel;],81,5,400,0.5,-1.0,-0.5,0.5,21,rand_test_13,20230104:08:35:01
algorithm,Constant-Weights(Gamma-1:3;Gamma-2:3;Gamma-3:3),0.9,100,[trip_2_opt;remove_customer;add_customer;remove_hotel;add_hotel;],95,5,400,0.5,-1.0,-0.5,0.5,21,rand_test_13,20230104:08:41:36
algorithm,Constant-Weights(Gamma-1:3;Gamma-2:3;Gamma-3:3),0.05,100,[trip_2_opt;remove_customer;add_customer;remove_hotel;add_hotel;],50,5,400,0.5,-1.0,-0.5,0.5,22,rand_test_9,20230104:08:48:09
algorithm,Constant-Weights(Gamma-1:3;Gamma-2:3;Gamma-3:3),0.05,100,[trip_2_opt;remove_customer;add_customer;remove_hotel;add_hotel;],81,5,400,0.5,-1.0,-0.5,0.5,22,rand_test_9,20230104:08:54:33
algorithm,Constant-Weights(Gamma-1:3;Gamma-2:3;Gamma-3:3),0.05,100,[trip_2_opt;remove_customer;add_customer;remove_hotel;add_hotel;],95,5,400,0.5,-1.0,-0.5,0.5,22,rand_test_9,20230104:09:00:58
algorithm,Constant-Weights(Gamma-1:3;Gamma-2:3;Gamma-3:3),0.1,100,[trip_2_opt;remove_customer;add_customer;remove_hotel;add_hotel;],50,5,400,0.5,-1.0,-0.5,0.5,22,rand_test_9,20230104:09:07:30
algorithm,Constant-Weights(Gamma-1:3;Gamma-2:3;Gamma-3:3),0.1,100,[trip_2_opt;remove_customer;add_customer;remove_hotel;add_hotel;],81,5,400,0.5,-1.0,-0.5,0.5,22,rand_test_9,20230104:09:13:50
algorithm,Constant-Weights(Gamma-1:3;Gamma-2:3;Gamma-3:3),0.1,100,[trip_2_opt;remove_customer;add_customer;remove_hotel;add_hotel;],95,5,400,0.5,-1.0,-0.5,0.5,22,rand_test_9,20230104:09:20:11
algorithm,Constant-Weights(Gamma-1:3;Gamma-2:3;Gamma-3:3),0.2,100,[trip_2_opt;remove_customer;add_customer;remove_hotel;add_hotel;],27,5,400,0.5,-1.0,-0.5,0.5,22,rand_test_9,20230104:09:26:36
algorithm,Constant-Weights(Gamma-1:3;Gamma-2:3;Gamma-3:3),0.2,100,[trip_2_opt;remove_customer;add_customer;remove_hotel;add_hotel;],50,5,400,0.5,-1.0,-0.5,0.5,22,rand_test_9,20230104:09:32:52
algorithm,Constant-Weights(Gamma-1:3;Gamma-2:3;Gamma-3:3),0.2,100,[trip_2_opt;remove_customer;add_customer;remove_hotel;add_hotel;],81,5,400,0.5,-1.0,-0.5,0.5,22,rand_test_9,20230104:09:39:14
algorithm,Constant-Weights(Gamma-1:3;Gamma-2:3;Gamma-3:3),0.2,100,[trip_2_opt;remove_customer;add_customer;remove_hotel;add_hotel;],95,5,400,0.5,-1.0,-0.5,0.5,22,rand_test_9,20230104:09:45:33
algorithm,Constant-Weights(Gamma-1:3;Gamma-2:3;Gamma-3:3),0.4,100,[trip_2_opt;remove_customer;add_customer;remove_hotel;add_hotel;],50,5,400,0.5,-1.0,-0.5,0.5,22,rand_test_9,20230104:09:51:56
algorithm,Constant-Weights(Gamma-1:3;Gamma-2:3;Gamma-3:3),0.4,100,[trip_2_opt;remove_customer;add_customer;remove_hotel;add_hotel;],81,5,400,0.5,-1.0,-0.5,0.5,22,rand_test_9,20230104:09:58:14
algorithm,Constant-Weights(Gamma-1:3;Gamma-2:3;Gamma-3:3),0.4,100,[trip_2_opt;remove_customer;add_customer;remove_hotel;add_hotel;],95,5,400,0.5,-1.0,-0.5,0.5,22,rand_test_9,20230104:10:04:38
algorithm,Constant-Weights(Gamma-1:3;Gamma-2:3;Gamma-3:3),0.9,100,[trip_2_opt;remove_customer;add_customer;remove_hotel;add_hotel;],50,5,400,0.5,-1.0,-0.5,0.5,22,rand_test_9,20230104:10:10:58
algorithm,Constant-Weights(Gamma-1:3;Gamma-2:3;Gamma-3:3),0.9,100,[trip_2_opt;remove_customer;add_customer;remove_hotel;add_hotel;],81,5,400,0.5,-1.0,-0.5,0.5,22,rand_test_9,20230104:10:17:16
algorithm,Constant-Weights(Gamma-1:3;Gamma-2:3;Gamma-3:3),0.9,100,[trip_2_opt;remove_customer;add_customer;remove_hotel;add_hotel;],95,5,400,0.5,-1.0,-0.5,0.5,22,rand_test_9,20230104:10:23:32
algorithm,Constant-Weights(Gamma-1:3;Gamma-2:3;Gamma-3:3),0.05,100,[trip_2_opt;remove_customer;add_customer;remove_hotel;add_hotel;],50,5,400,0.5,-1.0,-0.5,0.5,23,rand_test_11,20230104:10:29:52
algorithm,Constant-Weights(Gamma-1:3;Gamma-2:3;Gamma-3:3),0.05,100,[trip_2_opt;remove_customer;add_customer;remove_hotel;add_hotel;],81,5,400,0.5,-1.0,-0.5,0.5,23,rand_test_11,20230104:10:36:28
algorithm,Constant-Weights(Gamma-1:3;Gamma-2:3;Gamma-3:3),0.05,100,[trip_2_opt;remove_customer;add_customer;remove_hotel;add_hotel;],95,5,400,0.5,-1.0,-0.5,0.5,23,rand_test_11,20230104:10:43:05
algorithm,Constant-Weights(Gamma-1:3;Gamma-2:3;Gamma-3:3),0.1,100,[trip_2_opt;remove_customer;add_customer;remove_hotel;add_hotel;],50,5,400,0.5,-1.0,-0.5,0.5,23,rand_test_11,20230104:10:49:41
algorithm,Constant-Weights(Gamma-1:3;Gamma-2:3;Gamma-3:3),0.1,100,[trip_2_opt;remove_customer;add_customer;remove_hotel;add_hotel;],81,5,400,0.5,-1.0,-0.5,0.5,23,rand_test_11,20230104:10:56:19
algorithm,Constant-Weights(Gamma-1:3;Gamma-2:3;Gamma-3:3),0.1,100,[trip_2_opt;remove_customer;add_customer;remove_hotel;add_hotel;],95,5,400,0.5,-1.0,-0.5,0.5,23,rand_test_11,20230104:11:02:54
algorithm,Constant-Weights(Gamma-1:3;Gamma-2:3;Gamma-3:3),0.2,100,[trip_2_opt;remove_customer;add_customer;remove_hotel;add_hotel;],27,5,400,0.5,-1.0,-0.5,0.5,23,rand_test_11,20230104:11:09:31
algorithm,Constant-Weights(Gamma-1:3;Gamma-2:3;Gamma-3:3),0.2,100,[trip_2_opt;remove_customer;add_customer;remove_hotel;add_hotel;],50,5,400,0.5,-1.0,-0.5,0.5,23,rand_test_11,20230104:11:16:03
algorithm,Constant-Weights(Gamma-1:3;Gamma-2:3;Gamma-3:3),0.2,100,[trip_2_opt;remove_customer;add_customer;remove_hotel;add_hotel;],81,5,400,0.5,-1.0,-0.5,0.5,23,rand_test_11,20230104:11:22:35
algorithm,Constant-Weights(Gamma-1:3;Gamma-2:3;Gamma-3:3),0.2,100,[trip_2_opt;remove_customer;add_customer;remove_hotel;add_hotel;],95,5,400,0.5,-1.0,-0.5,0.5,23,rand_test_11,20230104:11:29:08
algorithm,Constant-Weights(Gamma-1:3;Gamma-2:3;Gamma-3:3),0.4,100,[trip_2_opt;remove_customer;add_customer;remove_hotel;add_hotel;],50,5,400,0.5,-1.0,-0.5,0.5,23,rand_test_11,20230104:11:35:42
algorithm,Constant-Weights(Gamma-1:3;Gamma-2:3;Gamma-3:3),0.4,100,[trip_2_opt;remove_customer;add_customer;remove_hotel;add_hotel;],81,5,400,0.5,-1.0,-0.5,0.5,23,rand_test_11,20230104:11:42:14
algorithm,Constant-Weights(Gamma-1:3;Gamma-2:3;Gamma-3:3),0.4,100,[trip_2_opt;remove_customer;add_customer;remove_hotel;add_hotel;],95,5,400,0.5,-1.0,-0.5,0.5,23,rand_test_11,20230104:11:48:44
algorithm,Constant-Weights(Gamma-1:3;Gamma-2:3;Gamma-3:3),0.9,100,[trip_2_opt;remove_customer;add_customer;remove_hotel;add_hotel;],50,5,400,0.5,-1.0,-0.5,0.5,23,rand_test_11,20230104:11:55:22
algorithm,Constant-Weights(Gamma-1:3;Gamma-2:3;Gamma-3:3),0.9,100,[trip_2_opt;remove_customer;add_customer;remove_hotel;add_hotel;],81,5,400,0.5,-1.0,-0.5,0.5,23,rand_test_11,20230104:12:01:55
algorithm,Constant-Weights(Gamma-1:3;Gamma-2:3;Gamma-3:3),0.9,100,[trip_2_opt;remove_customer;add_customer;remove_hotel;add_hotel;],95,5,400,0.5,-1.0,-0.5,0.5,23,rand_test_11,20230104:12:08:35
